Workbook
Name _l9001: #REF!
Name _l9001: #REF!
Name acciones: #REF!
Name acciones: #REF!
Name ALCANCE: #REF!
Name ALCANCE: #REF!
Name Alcance.: #REF!
Name Alcance1: #REF!
Name AMENAZAS: #REF!
Name AMENAZAS: #REF!
Name anterior: #REF!
Name AUDITOR1: #REF!
Name AUDITOR1: #REF!
Name AUDITOR2: #REF!
Name AUDITOR2: #REF!
Name CALIDAD: #REF!
Name CALIDAD: #REF!
Name ccc: #REF!
Name ccc: #REF!
Name CODIGO: #REF!
Name compefactores: #REF!
Name compefactores: #REF!
Name CONSULTOR: #REF!
Name CONSULTOR: #REF!
Name dd: #REF!
Name dd: #REF!
Name DEBILIDADES: #REF!
Name DEBILIDADES: #REF!
Name DECISIONES: #REF!
Name DEMORA1: #REF!
Name DEMORA1: #REF!
Name Dimensiones: #REF!
Name Dimensiones: #REF!
Name dos: #REF!
Name EMPRESA: #REF!
Name FECHA: #REF!
Name FECHA: #REF!
Name FORTALEZA: #REF!
Name FORTALEZA: #REF!
Name INICIO: #REF!
Name k: #REF!
Name k: #REF!
Name LIDER: #REF!
Name LIDER: #REF!
Name LISTA_PROCESOS: #REF!
Name LISTA_PROCESOS: #REF!
Name LISTADO: #REF!
Name LISTADO: #REF!
Name medios: #REF!
Name MEDIOSRECEPCION: #REF!
Name MES: #REF!
Name MES: Hoja1!$A$1:$A$13
Name N_VISITA: #REF!
Name N_VISITA: #REF!
Name NATURALEZA: #REF!
Name NIVELES: #REF!
Name nuevo: #REF!
Name OBJETIVO: #REF!
Name OBJETIVO: #REF!
Name OPRTUNIDADES: #REF!

Sheet RESUMEN
D3: 1 | AA3: 2 | AY3: 3 | BW3: 4 | CU3: 5 | DS3: 6 | EQ3: 7 | FO3: 8 | GM3: 9 | HK3: 10 | II3: 11 | JG3: 12 | KE3: 13 | LC3: 14 | MA3: 15 | MY3: 16 | NW3: 17 | OU3: 18 | PS3: 19 | QQ3: 20 | RO3: 21 | SM3: 22 | TK3: 23 | UI3: 24 | VG3: 25 | WE3: 26 | XC3: 27 | YA3: 28 | YY3: 29 | ZW3: 30 | AAU3: 31 | ABS3: 32
A4: PROYECTO | C4: Inducción y/o Reinducción HSEQ | AA4: Induccion al cargo | AY4: Inducción de Gestión Humana | BW4: Inducción Seguridad Víal | CU4: Primer Respondiente "Gente que Ayuda". | DS4: Peligros y riesgos | EQ4: Ergonomia Laboral | FO4: Gestión del Riesgo Psicosocial | GM4: Seguridad Fisica y DDHH | HK4: Conservación y Cuidado del Medio Ambiente | II4: Seguridad Víal | JG4: Sistemas Inegrados de Gestion | KE4: Orden y aseo | LC4: Estilos de Vida y Trabajo Saludable | MA4: Salud Publica | MY4: Well control | NW4: Stuckm Pipe/ Pega de Tuberías | OU4: Trabajo seguro en alturas: Jefes de área para trabajos en alturas. | PS4: Manejo defensivo | QQ4: Control del Trabajo | RO4: FASE I Ecopetrol | SM4: Curso de fomento de trabajo seguro, limpio y saludable fase II | TK4: Curso de fomento de trabajo seguro, limpio y saludable fase III | UI4: Rig Inspection (Inspección de equpos de perforación) | VG4: Rig Pass | WE4: HSEQ FRONTERA | XC4: Control del Trabajo Frontera | YA4: Entrenamiento Básico para la Brigada de Emergencias | YY4: Entrenamiento para el COPASST | ZW4: Entrenamiento para el Comité de Convivencia Laboral | AAU4: Manipulación de Alimentos | ABS4: Curso de 50 o 20 horas SG-SST
C6: EN | E6: FE | G6: MAR | I6: AB | K6: MA | M6: JU | O6: JL | Q6: AG | S6: SEP | U6: OC | W6: NO | Y6: DI | AA6: EN | AC6: FE | AE6: MAR | AG6: AB | AI6: MA | AK6: JU | AM6: JL | AO6: AG | AQ6: SEP | AS6: OC | AU6: NO | AW6: DI | AY6: EN | BA6: FE | BC6: MAR | BE6: AB | BG6: MA | BI6: JU | BK6: JL | BM6: AG | BO6: SEP | BQ6: OC | BS6: NO | BU6: DI | BW6: EN | BY6: FE | CA6: MAR | CC6: AB | CE6: MA | CG6: JU | CI6: JL | CK6: AG | CM6: SEP | CO6: OC | CQ6: NO | CS6: DI | CU6: EN | CW6: FE | CY6: MAR | DA6: AB | DC6: MA | DE6: JU | DG6: JL | DI6: AG | DK6: SEP | DM6: OC | DO6: NO | DQ6: DI | DS6: EN | DU6: FE | DW6: MAR | DY6: AB | EA6: MA | EC6: JU | EE6: JL | EG6: AG | EI6: SEP | EK6: OC | EM6: NO | EO6: DI | EQ6: EN | ES6: FE | EU6: MAR | EW6: AB | EY6: MA | FA6: JU | FC6: JL | FE6: AG | FG6: SEP | FI6: OC | FK6: NO | FM6: DI | FO6: EN | FQ6: FE | FS6: MAR | FU6: AB | FW6: MA | FY6: JU | GA6: JL | GC6: AG | GE6: SEP | GG6: OC | GI6: NO | GK6: DI | GM6: EN | GO6: FE | GQ6: MAR | GS6: AB | GU6: MA | GW6: JU | GY6: JL | HA6: AG | HC6: SEP | HE6: OC | HG6: NO | HI6: DI | HK6: EN | HM6: FE | HO6: MAR | HQ6: AB | HS6: MA | HU6: JU | HW6: JL | HY6: AG | IA6: SEP | IC6: OC | IE6: NO | IG6: DI | II6: EN | IK6: FE | IM6: MAR | IO6: AB | IQ6: MA | IS6: JU | IU6: JL | IW6: AG | IY6: SEP | JA6: OC | JC6: NO | JE6: DI | JG6: EN | JI6: FE | JK6: MAR | JM6: AB | JO6: MA | JQ6: JU | JS6: JL | JU6: AG | JW6: SEP | JY6: OC | KA6: NO | KC6: DI | KE6: EN | KG6: FE | KI6: MAR | KK6: AB | KM6: MA | KO6: JU | KQ6: JL | KS6: AG | KU6: SEP | KW6: OC | KY6: NO | LA6: DI | LC6: EN | LE6: FE | LG6: MAR | LI6: AB | LK6: MA | LM6: JU | LO6: JL | LQ6: AG | LS6: SEP | LU6: OC | LW6: NO | LY6: DI | MA6: EN | MC6: FE | ME6: MAR | MG6: AB | MI6: MA | MK6: JU | MM6: JL | MO6: AG | MQ6: SEP | MS6: OC | MU6: NO | MW6: DI | MY6: EN | NA6: FE | NC6: MAR | NE6: AB | NG6: MA | NI6: JU | NK6: JL | NM6: AG | NO6: SEP | NQ6: OC | NS6: NO | NU6: DI | NW6: EN | NY6: FE | OA6: MAR | OC6: AB | OE6: MA | OG6: JU | OI6: JL | OK6: AG | OM6: SEP | OO6: OC | OQ6: NO | OS6: DI | OU6: EN | OW6: FE | OY6: MAR | PA6: AB | PC6: MA | PE6: JU | PG6: JL | PI6: AG | PK6: SEP | PM6: OC | PO6: NO | PQ6: DI | PS6: EN | PU6: FE | PW6: MAR | PY6: AB | QA6: MA | QC6: JU | QE6: JL | QG6: AG | QI6: SEP | QK6: OC | QM6: NO | QO6: DI | QQ6: EN | QS6: FE | QU6: MAR | QW6: AB | QY6: MA | RA6: JU | RC6: JL | RE6: AG | RG6: SEP | RI6: OC | RK6: NO | RM6: DI | RO6: EN | RQ6: FE | RS6: MAR | RU6: AB | RW6: MA | RY6: JU | SA6: JL | SC6: AG | SE6: SEP | SG6: OC | SI6: NO | SK6: DI | SM6: EN | SO6: FE | SQ6: MAR | SS6: AB | SU6: MA | SW6: JU | SY6: JL | TA6: AG | TC6: SEP | TE6: OC | TG6: NO | TI6: DI | TK6: EN | TM6: FE | TO6: MAR | TQ6: AB | TS6: MA | TU6: JU | TW6: JL | TY6: AG | UA6: SEP | UC6: OC | UE6: NO | UG6: DI | UI6: EN | UK6: FE | UM6: MAR | UO6: AB | UQ6: MA | US6: JU | UU6: JL | UW6: AG | UY6: SEP | VA6: OC | VC6: NO | VE6: DI | VG6: EN | VI6: FE | VK6: MAR | VM6: AB | VO6: MA | VQ6: JU | VS6: JL | VU6: AG | VW6: SEP | VY6: OC | WA6: NO | WC6: DI | WE6: EN | WG6: FE | WI6: MAR | WK6: AB | WM6: MA | WO6: JU | WQ6: JL | WS6: AG | WU6: SEP | WW6: OC | WY6: NO | XA6: DI | XC6: EN | XE6: FE | XG6: MAR | XI6: AB | XK6: MA | XM6: JU | XO6: JL | XQ6: AG | XS6: SEP | XU6: OC | XW6: NO | XY6: DI | YA6: EN | YC6: FE | YE6: MAR | YG6: AB | YI6: MA | YK6: JU | YM6: JL | YO6: AG | YQ6: SEP | YS6: OC | YU6: NO | YW6: DI | YY6: EN | ZA6: FE | ZC6: MAR | ZE6: AB | ZG6: MA | ZI6: JU | ZK6: JL | ZM6: AG | ZO6: SEP | ZQ6: OC | ZS6: NO | ZU6: DI | ZW6: EN | ZY6: FE | AAA6: MAR | AAC6: AB | AAE6: MA | AAG6: JU | AAI6: JL | AAK6: AG | AAM6: SEP | AAO6: OC | AAQ6: NO | AAS6: DI | AAU6: EN | AAW6: FE | AAY6: MAR | ABA6: AB | ABC6: MA | ABE6: JU | ABG6: JL | ABI6: AG | ABK6: SEP | ABM6: OC | ABO6: NO | ABQ6: DI | ABS6: EN | ABU6: FE | ABW6: MAR | ABY6: AB | ACA6: MA | ACC6: JU | ACE6: JL | ACG6: AG | ACI6: SEP | ACK6: OC | ACM6: NO | ACO6: DI
C7: P | D7: E | E7: P | F7: E | G7: P | H7: E | I7: P | J7: E | K7: P | L7: E | M7: P | N7: E | O7: P | P7: E | Q7: P | R7: E | S7: P | T7: E | U7: P | V7: E | W7: P | X7: E | Y7: P | Z7: E | AA7: P | AB7: E | AC7: P | AD7: E | AE7: P | AF7: E | AG7: P | AH7: E | AI7: P | AJ7: E | AK7: P | AL7: E | AM7: P | AN7: E | AO7: P | AP7: E | AQ7: P | AR7: E | AS7: P | AT7: E | AU7: P | AV7: E | AW7: P | AX7: E | AY7: P | AZ7: E | BA7: P | BB7: E | BC7: P | BD7: E | BE7: P | BF7: E | BG7: P | BH7: E | BI7: P | BJ7: E | BK7: P | BL7: E | BM7: P | BN7: E | BO7: P | BP7: E | BQ7: P | BR7: E | BS7: P | BT7: E | BU7: P | BV7: E | BW7: P | BX7: E | BY7: P | BZ7: E | CA7: P | CB7: E | CC7: P | CD7: E | CE7: P | CF7: E | CG7: P | CH7: E | CI7: P | CJ7: E | CK7: P | CL7: E | CM7: P | CN7: E | CO7: P | CP7: E | CQ7: P | CR7: E | CS7: P | CT7: E | CU7: P | CV7: E | CW7: P | CX7: E | CY7: P | CZ7: E | DA7: P | DB7: E | DC7: P | DD7: E | DE7: P | DF7: E | DG7: P | DH7: E | DI7: P | DJ7: E | DK7: P | DL7: E | DM7: P | DN7: E | DO7: P | DP7: E | DQ7: P | DR7: E | DS7: P | DT7: E | DU7: P | DV7: E | DW7: P | DX7: E | DY7: P | DZ7: E | EA7: P | EB7: E | EC7: P | ED7: E | EE7: P | EF7: E | EG7: P | EH7: E | EI7: P | EJ7: E | EK7: P | EL7: E | EM7: P | EN7: E | EO7: P | EP7: E | EQ7: P | ER7: E | ES7: P | ET7: E | EU7: P | EV7: E | EW7: P | EX7: E | EY7: P | EZ7: E | FA7: P | FB7: E | FC7: P | FD7: E | FE7: P | FF7: E | FG7: P | FH7: E | FI7: P | FJ7: E | FK7: P | FL7: E | FM7: P | FN7: E | FO7: P | FP7: E | FQ7: P | FR7: E | FS7: P | FT7: E | FU7: P | FV7: E | FW7: P | FX7: E | FY7: P | FZ7: E | GA7: P | GB7: E | GC7: P | GD7: E | GE7: P | GF7: E | GG7: P | GH7: E | GI7: P | GJ7: E | GK7: P | GL7: E | GM7: P | GN7: E | GO7: P | GP7: E | GQ7: P | GR7: E | GS7: P | GT7: E | GU7: P | GV7: E | GW7: P | GX7: E | GY7: P | GZ7: E | HA7: P | HB7: E | HC7: P | HD7: E | HE7: P | HF7: E | HG7: P | HH7: E | HI7: P | HJ7: E | HK7: P | HL7: E | HM7: P | HN7: E | HO7: P | HP7: E | HQ7: P | HR7: E | HS7: P | HT7: E | HU7: P | HV7: E | HW7: P | HX7: E | HY7: P | HZ7: E | IA7: P | IB7: E | IC7: P | ID7: E | IE7: P | IF7: E | IG7: P | IH7: E | II7: P | IJ7: E | IK7: P | IL7: E | IM7: P | IN7: E | IO7: P | IP7: E | IQ7: P | IR7: E | IS7: P | IT7: E | IU7: P | IV7: E | IW7: P | IX7: E | IY7: P | IZ7: E | JA7: P | JB7: E | JC7: P | JD7: E | JE7: P | JF7: E | JG7: P | JH7: E | JI7: P | JJ7: E | JK7: P | JL7: E | JM7: P | JN7: E | JO7: P | JP7: E | JQ7: P | JR7: E | JS7: P | JT7: E | JU7: P | JV7: E | JW7: P | JX7: E | JY7: P | JZ7: E | KA7: P | KB7: E | KC7: P | KD7: E | KE7: P | KF7: E | KG7: P | KH7: E | KI7: P | KJ7: E | KK7: P | KL7: E | KM7: P | KN7: E | KO7: P | KP7: E | KQ7: P | KR7: E | KS7: P | KT7: E | KU7: P | KV7: E | KW7: P | KX7: E | KY7: P | KZ7: E | LA7: P | LB7: E | LC7: P | LD7: E | LE7: P | LF7: E | LG7: P | LH7: E | LI7: P | LJ7: E | LK7: P | LL7: E | LM7: P | LN7: E | LO7: P | LP7: E | LQ7: P | LR7: E | LS7: P | LT7: E | LU7: P | LV7: E | LW7: P | LX7: E | LY7: P | LZ7: E | MA7: P | MB7: E | MC7: P | MD7: E | ME7: P | MF7: E | MG7: P | MH7: E | MI7: P | MJ7: E | MK7: P | ML7: E | MM7: P | MN7: E | MO7: P | MP7: E | MQ7: P | MR7: E | MS7: P | MT7: E | MU7: P | MV7: E | MW7: P | MX7: E | MY7: P | MZ7: E | NA7: P | NB7: E | NC7: P | ND7: E | NE7: P | NF7: E | NG7: P | NH7: E | NI7: P | NJ7: E | NK7: P | NL7: E | NM7: P | NN7: E | NO7: P | NP7: E | NQ7: P | NR7: E | NS7: P | NT7: E | NU7: P | NV7: E | NW7: P | NX7: E | NY7: P | NZ7: E | OA7: P | OB7: E | OC7: P | OD7: E | OE7: P | OF7: E | OG7: P | OH7: E | OI7: P | OJ7: E | OK7: P | OL7: E | OM7: P | ON7: E | OO7: P | OP7: E | OQ7: P | OR7: E | OS7: P | OT7: E | OU7: P | OV7: E | OW7: P | OX7: E | OY7: P | OZ7: E | PA7: P | PB7: E | PC7: P | PD7: E | PE7: P | PF7: E | PG7: P | PH7: E | PI7: P | PJ7: E | PK7: P | PL7: E | PM7: P | PN7: E | PO7: P | PP7: E | PQ7: P | PR7: E | PS7: P | PT7: E | PU7: P | PV7: E | PW7: P | PX7: E | PY7: P | PZ7: E | QA7: P | QB7: E | QC7: P | QD7: E | QE7: P | QF7: E | QG7: P | QH7: E | QI7: P | QJ7: E | QK7: P | QL7: E | QM7: P | QN7: E | QO7: P | QP7: E | QQ7: P | QR7: E | QS7: P | QT7: E | QU7: P | QV7: E | QW7: P | QX7: E | QY7: P | QZ7: E | RA7: P | RB7: E | RC7: P | RD7: E | RE7: P | RF7: E | RG7: P | RH7: E | RI7: P | RJ7: E | RK7: P | RL7: E | RM7: P | RN7: E | RO7: P | RP7: E | RQ7: P | RR7: E | RS7: P | RT7: E | RU7: P | RV7: E | RW7: P | RX7: E | RY7: P | RZ7: E | SA7: P | SB7: E | SC7: P | SD7: E | SE7: P | SF7: E | SG7: P | SH7: E | SI7: P | SJ7: E | SK7: P | SL7: E | SM7: P | SN7: E | SO7: P | SP7: E | SQ7: P | SR7: E | SS7: P | ST7: E | SU7: P | SV7: E | SW7: P | SX7: E | SY7: P | SZ7: E | TA7: P | TB7: E | TC7: P | TD7: E | TE7: P | TF7: E | TG7: P | TH7: E | TI7: P | TJ7: E | TK7: P | TL7: E | TM7: P | TN7: E | TO7: P | TP7: E | TQ7: P | TR7: E | TS7: P | TT7: E | TU7: P | TV7: E | TW7: P | TX7: E | TY7: P | TZ7: E | UA7: P | UB7: E | UC7: P | UD7: E | UE7: P | UF7: E | UG7: P | UH7: E | UI7: P | UJ7: E | UK7: P | UL7: E | UM7: P | UN7: E | UO7: P | UP7: E | UQ7: P | UR7: E | US7: P | UT7: E | UU7: P | UV7: E | UW7: P | UX7: E | UY7: P | UZ7: E | VA7: P | VB7: E | VC7: P | VD7: E | VE7: P | VF7: E | VG7: P | VH7: E | VI7: P | VJ7: E | VK7: P | VL7: E | VM7: P | VN7: E | VO7: P | VP7: E | VQ7: P | VR7: E | VS7: P | VT7: E | VU7: P | VV7: E | VW7: P | VX7: E | VY7: P | VZ7: E | WA7: P | WB7: E | WC7: P | WD7: E | WE7: P | WF7: E | WG7: P | WH7: E | WI7: P | WJ7: E | WK7: P | WL7: E | WM7: P | WN7: E | WO7: P | WP7: E | WQ7: P | WR7: E | WS7: P | WT7: E | WU7: P | WV7: E | WW7: P | WX7: E | WY7: P | WZ7: E | XA7: P | XB7: E | XC7: P | XD7: E | XE7: P | XF7: E | XG7: P | XH7: E | XI7: P | XJ7: E | XK7: P | XL7: E | XM7: P | XN7: E | XO7: P | XP7: E | XQ7: P | XR7: E | XS7: P | XT7: E | XU7: P | XV7: E | XW7: P | XX7: E | XY7: P | XZ7: E | YA7: P | YB7: E | YC7: P | YD7: E | YE7: P | YF7: E | YG7: P | YH7: E | YI7: P | YJ7: E | YK7: P | YL7: E | YM7: P | YN7: E | YO7: P | YP7: E | YQ7: P | YR7: E | YS7: P | YT7: E | YU7: P | YV7: E | YW7: P | YX7: E | YY7: P | YZ7: E | ZA7: P | ZB7: E | ZC7: P | ZD7: E | ZE7: P | ZF7: E | ZG7: P | ZH7: E | ZI7: P | ZJ7: E | ZK7: P | ZL7: E | ZM7: P | ZN7: E | ZO7: P | ZP7: E | ZQ7: P | ZR7: E | ZS7: P | ZT7: E | ZU7: P | ZV7: E | ZW7: P | ZX7: E | ZY7: P | ZZ7: E | AAA7: P | AAB7: E | AAC7: P | AAD7: E | AAE7: P | AAF7: E | AAG7: P | AAH7: E | AAI7: P | AAJ7: E | AAK7: P | AAL7: E | AAM7: P | AAN7: E | AAO7: P | AAP7: E | AAQ7: P | AAR7: E | AAS7: P | AAT7: E | AAU7: P | AAV7: E | AAW7: P | AAX7: E | AAY7: P | AAZ7: E | ABA7: P | ABB7: E | ABC7: P | ABD7: E | ABE7: P | ABF7: E | ABG7: P | ABH7: E | ABI7: P | ABJ7: E | ABK7: P | ABL7: E | ABM7: P | ABN7: E | ABO7: P | ABP7: E | ABQ7: P | ABR7: E | ABS7: P | ABT7: E | ABU7: P | ABV7: E | ABW7: P | ABX7: E | ABY7: P | ABZ7: E | ACA7: P | ACB7: E | ACC7: P | ACD7: E | ACE7: P | ACF7: E | ACG7: P | ACH7: E | ACI7: P | ACJ7: E | ACK7: P | ACL7: E | ACM7: P | ACN7: E | ACO7: P | ACP7: E
A8: ADMOND | C8: =COUNTIFS(SEGUIMIENTO_PERSONAL!$J$10:$J$42,"E",SEGUIMIENTO_PERSONAL!$M$10:$M$42,"ENERO")+COUNTIFS(SEGUIMIENTO_PERSONAL!$J$10:$J$42,"P",SEGUIMIENTO_PERSONAL!$M$10:$M$42,"ENERO") -> 11 | D8: #VALUE! | E8: #VALUE! | F8: #VALUE! | G8: #VALUE! | H8: #VALUE! | I8: #VALUE! | J8: #VALUE! | K8: #VALUE! | L8: #VALUE! | M8: #VALUE! | N8: #VALUE! | O8: #VALUE! | P8: #VALUE! | Q8: #VALUE! | R8: #VALUE! | S8: #VALUE! | T8: #VALUE! | U8: #VALUE! | V8: #VALUE! | W8: #VALUE! | X8: #VALUE! | Y8: #VALUE! | Z8: #VALUE! | AA8: #VALUE! | AB8: #VALUE! | AC8: #VALUE! | AD8: #VALUE! | AE8: #VALUE! | AF8: #VALUE! | AG8: #VALUE! | AH8: #VALUE! | AI8: #VALUE! | AJ8: #VALUE! | AK8: #VALUE! | AL8: #VALUE! | AM8: #VALUE! | AN8: #VALUE! | AO8: #VALUE! | AP8: #VALUE! | AQ8: #VALUE! | AR8: #VALUE! | AS8: #VALUE! | AT8: #VALUE! | AU8: #VALUE! | AV8: #VALUE! | AW8: #VALUE! | AX8: #VALUE! | AY8: #VALUE! | AZ8: #VALUE! | BA8: #VALUE! | BB8: #VALUE! | BC8: #VALUE! | BD8: #VALUE! | BE8: #VALUE! | BF8: #VALUE! | BG8: #VALUE! | BH8: #VALUE! | BI8: #VALUE! | BJ8: #VALUE! | BK8: #VALUE! | BL8: #VALUE! | BM8: #VALUE! | BN8: #VALUE! | BO8: #VALUE! | BP8: #VALUE! | BQ8: #VALUE! | BR8: #VALUE! | BS8: #VALUE! | BT8: #VALUE! | BU8: #VALUE! | BV8: #VALUE! | BW8: #VALUE! | CU8: #VALUE! | CV8: #VALUE! | CW8: #VALUE! | CX8: #VALUE! | CY8: #VALUE! | CZ8: #VALUE! | DA8: #VALUE! | DB8: #VALUE! | DC8: #VALUE! | DD8: #VALUE! | DE8: #VALUE! | DF8: #VALUE! | DG8: #VALUE! | DH8: #VALUE! | DI8: #VALUE! | DJ8: #VALUE! | DK8: #VALUE! | DL8: #VALUE! | DM8: #VALUE! | DN8: #VALUE! | DO8: #VALUE! | DP8: #VALUE! | DQ8: #VALUE! | DR8: #VALUE! | DS8: #VALUE! | DT8: #VALUE! | DU8: #VALUE! | DV8: #VALUE! | DW8: #VALUE! | DX8: #VALUE! | DY8: #VALUE! | DZ8: #VALUE! | EA8: #VALUE! | EB8: #VALUE! | EC8: #VALUE! | ED8: #VALUE! | EE8: #VALUE! | EF8: #VALUE! | EG8: #VALUE! | EH8: #VALUE! | EI8: #VALUE! | EJ8: #VALUE! | EK8: #VALUE! | EL8: #VALUE! | EM8: #VALUE! | EN8: #VALUE! | EO8: #VALUE! | EP8: #VALUE! | EQ8: #VALUE! | ER8: #VALUE! | ES8: #VALUE! | ET8: #VALUE! | EU8: #VALUE! | EV8: #VALUE! | EW8: #VALUE! | EX8: #VALUE! | EY8: #VALUE! | EZ8: #VALUE! | FA8: #VALUE! | FB8: #VALUE! | FC8: #VALUE! | FD8: #VALUE! | FE8: #VALUE! | FF8: #VALUE! | FG8: #VALUE! | FH8: #VALUE! | FI8: #VALUE! | FJ8: #VALUE! | FK8: #VALUE! | FL8: #VALUE! | FM8: #VALUE! | FN8: #VALUE! | FO8: #VALUE! | FP8: #VALUE! | FQ8: #VALUE! | FR8: #VALUE! | FS8: #VALUE! | FT8: #VALUE! | FU8: #VALUE! | FV8: #VALUE! | FW8: #VALUE! | FX8: #VALUE! | FY8: #VALUE! | FZ8: #VALUE! | GA8: #VALUE! | GB8: #VALUE! | GC8: #VALUE! | GD8: #VALUE! | GE8: #VALUE! | GF8: #VALUE! | GG8: #VALUE! | GH8: #VALUE! | GI8: #VALUE! | GJ8: #VALUE! | GK8: #VALUE! | GL8: #VALUE! | GM8: 0 | GN8: 0 | GO8: 0 | GP8: 0 | GQ8: 0 | GR8: 0 | GS8: 0 | GT8: 0 | GU8: #VALUE! | GV8: #VALUE! | GW8: 0 | GX8: 0 | GY8: 0 | GZ8: 0 | HA8: 0 | HB8: 0 | HC8: 0 | HD8: 0 | HE8: 0 | HF8: 0 | HG8: 0 | HH8: 0 | HI8: 0 | HJ8: 0 | HK8: 0 | HL8: 0 | HM8: 0 | HN8: 0 | HO8: 0 | HP8: 0 | HQ8: 0 | HR8: 0 | HS8: #VALUE! | HT8: #VALUE! | HU8: #VALUE! | HV8: #VALUE! | HW8: 0 | HX8: 0 | HY8: 0 | HZ8: 0 | IA8: 0 | IB8: 0 | IC8: 0 | ID8: 0 | IE8: 0 | IF8: 0 | IG8: 0 | IH8: 0 | II8: 0 | IJ8: 0 | IK8: 0 | IL8: 0 | IM8: 0 | IN8: 0 | IO8: 0 | IP8: 0 | IQ8: #VALUE! | IR8: #VALUE! | IS8: 0 | IT8: #VALUE! | IU8: #VALUE! | IV8: #VALUE! | IW8: 0 | IX8: 0 | IY8: 0 | IZ8: 0 | JA8: 0 | JB8: 0 | JC8: 0 | JD8: 0 | JE8: 0 | JF8: 0 | JG8: 0 | JH8: 0 | JI8: 0 | JJ8: 0 | JK8: 0 | JL8: 0 | JM8: 0 | JN8: 0 | JO8: #VALUE! | JP8: #VALUE! | JQ8: 0 | JR8: #VALUE! | JS8: 0 | JT8: 0 | JU8: #VALUE! | JV8: #VALUE! | JW8: 0 | JX8: 0 | JY8: 0 | JZ8: 0 | KA8: 0 | KB8: 0 | KC8: 0 | KD8: 0 | KE8: 0 | KF8: 0 | KG8: 0 | KH8: 0 | KI8: 0 | KJ8: 0 | KK8: 0 | KL8: 0 | KM8: #VALUE! | KN8: #VALUE! | KO8: 0 | KP8: #VALUE! | KQ8: 0 | KR8: 0 | KS8: 0 | KT8: 0 | KU8: #VALUE! | KV8: #VALUE! | KW8: 0 | KX8: 0 | KY8: 0 | KZ8: 0 | LA8: 0 | LB8: 0 | LC8: 0 | LD8: 0 | LE8: 0 | LF8: 0 | LG8: 0 | LH8: 0 | LI8: 0 | LJ8: 0 | LK8: #VALUE! | LL8: #VALUE! | LM8: 0 | LN8: #VALUE! | LO8: 0 | LP8: 0 | LQ8: 0 | LR8: 0 | LS8: 0 | LT8: 0 | LU8: #VALUE! | LV8: #VALUE! | LW8: 0 | LX8: 0 | LY8: 0 | LZ8: 0 | MA8: 0 | MB8: 0 | MC8: 0 | MD8: 0 | ME8: 0 | MF8: 0 | MG8: 0 | MH8: 0 | MI8: #VALUE! | MJ8: #VALUE! | MK8: 0 | ML8: #VALUE! | MM8: 0 | MN8: 0 | MO8: 0 | MP8: 0 | MQ8: 0 | MR8: 0 | MS8: 0 | MT8: 0 | MU8: #VALUE! | MV8: #VALUE! | MW8: 0 | MX8: 0 | MY8: 0 | MZ8: 0 | NA8: 0 | NB8: 0 | NC8: 0 | ND8: 0 | NE8: 0 | NF8: 0 | NG8: 0 | NH8: 0 | NI8: 0 | NJ8: 0 | NK8: 0 | NL8: 0 | NM8: 0 | NN8: 0 | NO8: 0 | NP8: 0 | NQ8: 0 | NR8: 0 | NS8: 0 | NT8: 0 | NU8: 0 | NV8: 0 | NW8: 0 | NX8: 0 | NY8: 0 | NZ8: 0 | OA8: 0 | OB8: 0 | OC8: 0 | OD8: 0 | OE8: 0 | OF8: 0 | OG8: 0 | OH8: 0 | OI8: 0 | OJ8: 0 | OK8: 0 | OL8: 0 | OM8: 0 | ON8: 0 | OO8: 0 | OP8: 0 | OQ8: 0 | OR8: 0 | OS8: 0 | OT8: 0 | OU8: 0 | OV8: 0 | OW8: 0 | OX8: 0 | OY8: 0 | OZ8: 0 | PA8: 0 | PB8: 0 | PC8: 0 | PD8: 0 | PE8: 0 | PF8: 0 | PG8: 0 | PH8: 0 | PI8: 0 | PJ8: 0 | PK8: 0 | PL8: 0 | PM8: 0 | PN8: 0 | PO8: 0 | PP8: 0 | PQ8: 0 | PR8: 0 | PS8: #VALUE! | PT8: #VALUE! | PU8: #VALUE! | PV8: #VALUE! | PW8: #VALUE! | PX8: #VALUE! | PY8: #VALUE! | PZ8: #VALUE! | QA8: #VALUE! | QB8: #VALUE! | QC8: #VALUE! | QD8: #VALUE! | QE8: #VALUE! | QF8: #VALUE! | QG8: #VALUE! | QH8: #VALUE! | QI8: #VALUE! | QJ8: #VALUE! | QK8: #VALUE! | QL8: #VALUE! | QM8: #VALUE! | QN8: #VALUE! | QO8: #VALUE! | QP8: #VALUE! | QQ8: 0 | QR8: 0 | QS8: 0 | QT8: 0 | QU8: 0 | QV8: 0 | QW8: 0 | QX8: 0 | QY8: 0 | QZ8: 0 | RA8: 0 | RB8: 0 | RC8: 0 | RD8: 0 | RE8: 0 | RF8: 0 | RG8: 0 | RH8: 0 | RI8: 0 | RJ8: 0 | RK8: 0 | RL8: 0 | RM8: 0 | RN8: 0 | RO8: 0 | RP8: 0 | RQ8: 0 | RR8: 0 | RS8: 0 | RT8: 0 | RU8: 0 | RV8: 0 | RW8: 0 | RX8: 0 | RY8: 0 | RZ8: 0 | SA8: 0 | SB8: 0 | SC8: 0 | SD8: 0 | SE8: 0 | SF8: 0 | SG8: 0 | SH8: 0 | SI8: 0 | SJ8: 0 | SK8: 0 | SL8: 0 | SM8: 0 | SN8: 0 | SO8: 0 | SP8: 0 | SQ8: 0 | SR8: 0 | SS8: 0 | ST8: 0 | SU8: 0 | SV8: 0 | SW8: 0 | SX8: 0 | SY8: 0 | SZ8: 0 | TA8: 0 | TB8: 0 | TC8: 0 | TD8: 0 | TE8: 0 | TF8: 0 | TG8: 0 | TH8: 0 | TI8: 0 | TJ8: 0 | TK8: 0 | TL8: 0 | TM8: 0 | TN8: 0 | TO8: 0 | TP8: 0 | TQ8: 0 | TR8: 0 | TS8: 0 | TT8: 0 | TU8: 0 | TV8: 0 | TW8: 0 | TX8: 0 | TY8: 0 | TZ8: 0 | UA8: 0 | UB8: 0 | UC8: 0 | UD8: 0 | UE8: 0 | UF8: 0 | UG8: 0 | UH8: 0 | UI8: 0 | UJ8: 0 | UK8: 0 | UL8: 0 | UM8: 0 | UN8: 0 | UO8: 0 | UP8: 0 | UQ8: 0 | UR8: 0 | US8: 0 | UT8: 0 | UU8: 0 | UV8: 0 | UW8: 0 | UX8: 0 | UY8: 0 | UZ8: 0 | VA8: 0 | VB8: 0 | VC8: 0 | VD8: 0 | VE8: 0 | VF8: 0 | VG8: 0 | VH8: 0 | VI8: 0 | VJ8: 0 | VK8: 0 | VL8: 0 | VM8: 0 | VN8: 0 | VO8: 0 | VP8: 0 | VQ8: 0 | VR8: 0 | VS8: 0 | VT8: 0 | VU8: 0 | VV8: 0 | VW8: 0 | VX8: 0 | VY8: 0 | VZ8: 0 | WA8: 0 | WB8: 0 | WC8: 0 | WD8: 0 | WE8: 0 | WF8: 0 | WG8: 0 | WH8: 0 | WI8: 0 | WJ8: 0 | WK8: 0 | WL8: 0 | WM8: 0 | WN8: 0 | WO8: 0 | WP8: 0 | WQ8: 0 | WR8: 0 | WS8: 0 | WT8: 0 | WU8: 0 | WV8: 0 | WW8: 0 | WX8: 0 | WY8: 0 | WZ8: 0 | XA8: 0 | XB8: 0 | XC8: 0 | XD8: 0 | XE8: 0 | XF8: 0 | XG8: 0 | XH8: 0 | XI8: 0 | XJ8: 0 | XK8: 0 | XL8: 0 | XM8: 0 | XN8: 0 | XO8: 0 | XP8: 0 | XQ8: 0 | XR8: 0 | XS8: 0 | XT8: 0 | XU8: 0 | XV8: 0 | XW8: 0 | XX8: 0 | XY8: 0 | XZ8: 0 | YA8: 0 | YB8: 0 | YC8: 0 | YD8: 0 | YE8: 0 | YF8: 0 | YG8: 0 | YH8: 0 | YI8: #VALUE! | YJ8: #VALUE! | YK8: 0 | YL8: 0 | YM8: #VALUE! | YN8: #VALUE! | YO8: #VALUE! | YP8: #VALUE! | YQ8: 0 | YR8: 0 | YS8: 0 | YT8: 0 | YU8: 0 | YV8: 0 | YW8: 0 | YX8: 0 | YY8: 0 | YZ8: 0 | ZA8: 0 | ZB8: 0 | ZC8: 0 | ZD8: 0 | ZE8: #VALUE! | ZF8: #VALUE! | ZG8: 0 | ZH8: #VALUE! | ZI8: #VALUE! | ZJ8: #VALUE! | ZK8: #VALUE! | ZL8: #VALUE! | ZM8: #VALUE! | ZN8: #VALUE! | ZO8: 0 | ZP8: 0 | ZQ8: 0 | ZR8: 0 | ZS8: 0 | ZT8: 0 | ZU8: 0 | ZV8: 0 | ZW8: 0 | ZX8: 0 | ZY8: 0 | ZZ8: 0 | AAA8: 0 | AAB8: 0 | AAC8: #VALUE! | AAD8: #VALUE! | AAE8: #VALUE! | AAF8: #VALUE! | AAG8: #VALUE! | AAH8: #VALUE! | AAI8: #VALUE! | AAJ8: #VALUE! | AAK8: #VALUE! | AAL8: #VALUE! | AAM8: 0 | AAN8: 0 | AAO8: 0 | AAP8: 0 | AAQ8: 0 | AAR8: 0 | AAS8: 0 | AAT8: 0 | AAU8: #VALUE! | AAV8: #VALUE! | AAW8: #VALUE! | AAX8: #VALUE! | AAY8: #VALUE! | AAZ8: #VALUE! | ABA8: #VALUE! | ABB8: #VALUE! | ABC8: #VALUE! | ABD8: #VALUE! | ABE8: #VALUE! | ABF8: #VALUE! | ABG8: #VALUE! | ABH8: #VALUE! | ABI8: #VALUE! | ABJ8: #VALUE! | ABK8: #VALUE! | ABL8: #VALUE! | ABM8: #VALUE! | ABN8: #VALUE! | ABO8: #VALUE! | ABP8: #VALUE! | ABQ8: #VALUE! | ABR8: #VALUE! | ABS8: #VALUE! | ABT8: #VALUE! | ABU8: #VALUE! | ABV8: #VALUE! | ABW8: #VALUE! | ABX8: #VALUE! | ABY8: #VALUE! | ABZ8: #VALUE! | ACA8: #VALUE! | ACB8: #VALUE! | ACC8: #VALUE! | ACD8: #VALUE! | ACE8: #VALUE! | ACF8: #VALUE! | ACG8: #VALUE! | ACH8: #VALUE! | ACI8: #VALUE! | ACJ8: #VALUE! | ACK8: #VALUE! | ACL8: #VALUE! | ACM8: #VALUE! | ACN8: #VALUE! | ACO8: #VALUE! | ACP8: #VALUE!
A13: TOTAL MES | C13: =SUM(C8:C12) -> 11 | D13: =SUM(D8:D12) -> #VALUE! | E13: =SUM(E8:E12) -> #VALUE! | F13: =SUM(F8:F12) -> #VALUE! | G13: =SUM(G8:G12) -> #VALUE! | H13: =SUM(H8:H12) -> #VALUE! | I13: =SUM(I8:I12) -> #VALUE! | J13: =SUM(J8:J12) -> #VALUE! | ... ACP13: =SUM(ACP8:ACP12) -> #VALUE!
T26: ENERO | V26: FEBRERO | X26: MARZO | Z26: ABRIL | AB26: MAYO | AD26: JUNIO | AF26: JULIO | AH26: AGOSTO | AJ26: SEPTIEMBRE | AL26: OCTUBRE | AN26: NOVIEMBRE | AP26: DICIEMBRE
T27: ENERO | V27: FEBRERO | X27: MARZO | Z27: ABRIL
T28: MARZO
T29: ABRIL
T30: MAYO
T31: JUNIO
T32: JULIO
T33: AGOSTO
T34: SEPTIEMBRE
T35: OCTUBRE
T36: NOVIEMBRE
T37: DICIEMBRE

Sheet CRONOGRAMA
E1: PROGRAMA DE CAPACITACIÓN Y ENTRENAMIENTO ANUAL
E2: Fecha: 24/05/2023 Versión: 14 HSEQ-PRG-10 | AN2: Libro 1 de 7
A3: ITEM | B3: GRUPO | E3: TEMA | F3: SUBTEMA - TEMARIO | G3: DEDICACIÓN ESTIMADA (Horas) | H3: OBJETIVO | I3: METODOLOGIA | J3: ENE | L3: FEB | N3: MAR | P3: ABR | R3: MAY | T3: JUN | V3: JUL | X3: AGOS | Z3: SEP | AB3: OCT | AD3: NOV | AF3: DIC | AH3: COBERTURA | AM3: RECURSOS PRESUPUESTADOS | AN3: RECURSOS UTILIZADOS | AO3: RESPONSABLE
J4: P | K4: E | L4: P | M4: E | N4: P | O4: E | P4: P | Q4: E | R4: P | S4: E | T4: P | U4: E | V4: P | W4: E | X4: P | Y4: E | Z4: P | AA4: E | AB4: P | AC4: E | AD4: P | AE4: E | AF4: P | AG4: E
B5: ADMON | C5: PERSONAL PROYECTO | D5: HSEQ | J5: PROGRAMADO | K5: EJECUTADO | L5: PROGRAMADO | M5: EJECUTADO | N5: PROGRAMADO | O5: EJECUTADO | P5: PROGRAMADO | Q5: EJECUTADO | R5: PROGRAMADO | S5: EJECUTADO | T5: PROGRAMADO | U5: EJECUTADO | V5: PROGRAMADO | W5: EJECUTADO | X5: PROGRAMADO | Y5: EJECUTADO | Z5: PROGRAMADO | AA5: EJECUTADO | AB5: PROGRAMADO | AC5: EJECUTADO | AD5: PROGRAMADO | AE5: EJECUTADO | AF5: PROGRAMADO | AG5: EJECUTADO | AH5: Trim I | AI5: Trim II | AJ5: Trim III | AK5: Trim IV | AL5: Total año
A6: A | D6: X | E6: Creación Programa de Capacitación | F6: N/A | G6: N/A | H6: Establecer mecanismos para la ejecución y seguimiento adecuado del programa de capacitación de Meridian Consulting Ltda. | I6: N/A | J6: 1 | K6: 1 | AH6: =IFERROR(IF(COUNT(#REF!,J6,L6,N6)>0,COUNT(M6,K6,#REF!,O6)/COUNT(#REF!,J6,L6,N6),"Sin Actividad"), "Sin Actividad") -> 1 | AI6: =IFERROR(IF(COUNT(Q6,T6)>0,COUNT(U6,R6)/COUNT(P6,S6),"Sin Actividad"), "Sin Actividad") -> Sin Actividad | AJ6: =IFERROR(IF(COUNT(V6,X6,Z6)>0,COUNT(AA6,Y6,W6)/COUNT(V6,X6,Z6),"Sin Actividad"), "Sin Actividad") -> Sin Actividad | AK6: =IFERROR(IF(COUNT(AB6,AC6,AF6)>0,COUNT(AB6,AD6,AG6)/COUNT(AB6,AC6,AE6),"Sin Actividad"), "Sin Actividad") -> Sin Actividad | AL6: =IFERROR(AVERAGE(AH6:AK6),"Sin Actividad") -> 1 | AM6: Computador, Instalaciones de la empresa. | AN6: Computador, Instalaciones de la empresa. | AO6: Coordinador HSEQ
A7: B | D7: X | E7: Creación Contenido Virtual Meridian | AH7: =IFERROR(IF(COUNT(#REF!,J7,L7,N7)>0,COUNT(M7,K7,#REF!,O7)/COUNT(#REF!,J7,L7,N7),"Sin Actividad"), "Sin Actividad") -> Sin Actividad | AI7: =IFERROR(IF(COUNT(Q7,T7)>0,COUNT(U7,R7)/COUNT(P7,S7),"Sin Actividad"), "Sin Actividad") -> Sin Actividad | AJ7: =IFERROR(IF(COUNT(V7,X7,Z7)>0,COUNT(AA7,Y7,W7)/COUNT(V7,X7,Z7),"Sin Actividad"), "Sin Actividad") -> Sin Actividad | AK7: =IFERROR(IF(COUNT(AB7,AC7,AF7)>0,COUNT(AB7,AD7,AG7)/COUNT(AB7,AC7,AE7),"Sin Actividad"), "Sin Actividad") -> Sin Actividad | AL7: =IFERROR(AVERAGE(AH7:AK7),"Sin Actividad") -> Sin Actividad | AM7: Computador, Instalaciones de la empresa. | AN7: Computador, Instalaciones de la empresa.
A8: C | D8: X | E8: Seguimiento y Analisis del Programa | J8: 1 | K8: 1 | L8: 1 | M8: 1 | N8: 1 | O8: 1 | P8: 1 | Q8: 1 | R8: 1 | S8: 1 | T8: 1 | U8: 1 | AH8: =IFERROR(IF(COUNT(#REF!,J8,L8,N8)>0,COUNT(M8,K8,#REF!,O8)/COUNT(#REF!,J8,L8,N8),"Sin Actividad"), "Sin Actividad") -> 1 | AI8: =IFERROR(IF(COUNT(Q8,T8)>0,COUNT(U8,R8)/COUNT(P8,S8),"Sin Actividad"), "Sin Actividad") -> 1 | AJ8: =IFERROR(IF(COUNT(V8,X8,Z8)>0,COUNT(AA8,Y8,W8)/COUNT(V8,X8,Z8),"Sin Actividad"), "Sin Actividad") -> Sin Actividad | AK8: =IFERROR(IF(COUNT(AB8,AC8,AF8)>0,COUNT(AB8,AD8,AG8)/COUNT(AB8,AC8,AE8),"Sin Actividad"), "Sin Actividad") -> Sin Actividad | AL8: =IFERROR(AVERAGE(AH8:AK8),"Sin Actividad") -> 1 | AM8: Computador, Instalaciones de la empresa. | AN8: Computador, Instalaciones de la empresa.
A9: D | D9: X | E9: Revisión y Actualización de Procedimiento de Capacitación | AH9: =IFERROR(IF(COUNT(#REF!,J9,L9,N9)>0,COUNT(M9,K9,#REF!,O9)/COUNT(#REF!,J9,L9,N9),"Sin Actividad"), "Sin Actividad") -> Sin Actividad | AI9: =IFERROR(IF(COUNT(Q9,T9)>0,COUNT(U9,R9)/COUNT(P9,S9),"Sin Actividad"), "Sin Actividad") -> Sin Actividad | AJ9: =IFERROR(IF(COUNT(V9,X9,Z9)>0,COUNT(AA9,Y9,W9)/COUNT(V9,X9,Z9),"Sin Actividad"), "Sin Actividad") -> Sin Actividad | AK9: =IFERROR(IF(COUNT(AB9,AC9,AF9)>0,COUNT(AB9,AD9,AG9)/COUNT(AB9,AC9,AE9),"Sin Actividad"), "Sin Actividad") -> Sin Actividad | AL9: =IFERROR(AVERAGE(AH9:AK9),"Sin Actividad") -> Sin Actividad | AM9: Computador, Instalaciones de la empresa. | AN9: Computador, Instalaciones de la empresa.
A10: 1 | B10: X | C10: X | D10: X | E10: Inducción y/o Reinducción HSEQ | F10: Alcance sistema de Gestión Integrado Política Corporativa HSEQ Política para la prevención de consumo de Alcohol Drogas y Tabaco Política Corporativa de Seguridad Vial Política de Corporativa de Responsabilidad Social Políticas del cliente Objetivos HSEQ Reglamento de Higiene y Seguridad Industrial COPASST - Integrantes y Funciones Comité de Convivencia - Integrantes y Funciones Plan de preparación y respuesta ante emergencias (SSTA) Factores de riesgos y peligros en SST Programa(s) de Gestión de riesgos críticos y Programa(s) de Vigilancia Epidemiológica Riesgos de salud publica de la región donde labora el trabajador Ergonomía en el puesto de trabajo Aspectos e impactos ambientales inherentes al cargos y sus controles Riesgos y controles del proceso o proyecto Gestión del cambio Lecciones aprendidas Procedimiento de reporte e Investigación de Incidentes/accidentes Procedimiento control de documentos, control de registros Reporte de actos y Condiciones Inseguras Sistema de riesgos laborales ARL Procedimiento acciones Correctivas, Preventivas y de Mejora. Análisis de trabajo seguro y permiso de trabajo Uso y mantenimiento de EPP Manejo de PQRS | G10: 3 | H10: Brindar el conocimiento básico sobre el Sistema de Gestión Integral, Informar al trabajador sobre las características de su trabajo y comunicar lineamientos y políticas internas y del cliente. | I10: Virtual | J10: 12 | K10: 12 | L10: 17 | M10: 17 | N10: 5 | O10: 5 | P10: 6 | Q10: 6 | R10: 3 | S10: 3 | T10: 4 | U10: 4 | AH10: =IFERROR(IF(SUM(J10,L10,N10)>0,SUM(M10,K10,O10)/SUM(J10,L10,N10),"Sin Actividad"), "Sin Actividad") -> 1 | AI10: =IFERROR(IF(SUM(P10,R10,T10)>0,SUM(Q10,S10,U10)/SUM(P10,R10,T10),"Sin Actividad"), "Sin Actividad") -> 1 | AJ10: =IFERROR(IF(COUNT(V10,X10,Z10)>0,COUNT(AA10,Y10,W10)/COUNT(V10,X10,Z10),"Sin Actividad"), "Sin Actividad") -> Sin Actividad | AK10: =IFERROR(IF(COUNT(AB10,AC10,AF10)>0,COUNT(AB10,AD10,AG10)/COUNT(AB10,AC10,AE10),"Sin Actividad"), "Sin Actividad") -> Sin Actividad | AL10: =IFERROR(AVERAGE(AH10:AK10),"Sin Actividad") -> 1 | AM10: Computador, Instalaciones de la empresa. | AN10: Computador, Instalaciones de la empresa. | AO10: Gestión HSEQ
A11: 2 | B11: X | C11: X | D11: X | E11: Induccion al cargo | F11: Objeto del cargo o servicio prestado Funciones o actividades a ejecutar (Perfil del cargo o servicio y cronograma) Responsabilidades del Cargo Responsabilidad de Indicadores asociados Documentos asociados (Procedimientos, formatos) Rendición de cuentas, frecuencia y contenido de informes Orientación y aclaración para la realización actividades a desarrollar Autoridad Manejo de plataformas, usuarios y contraseñas Asignación de puesto de trabajo Presentación al grupo de trabajo | G11: 2 | H11: Brindar los conocimientos necesarios para que el personal nuevo este capacitado para el cargo a desempeñar | I11: Virtual | J11: 7 | K11: 7 | L11: 3 | M11: 3 | N11: 4 | O11: 4 | P11: 2 | Q11: 2 | R11: 1 | S11: 1 | AH11: =IFERROR(IF(SUM(J11,L11,N11)>0,SUM(M11,K11,O11)/SUM(J11,L11,N11),"Sin Actividad"), "Sin Actividad") -> 1 | AI11: =IFERROR(IF(SUM(P11,R11,T11)>0,SUM(Q11,S11,U11)/SUM(P11,R11,T11),"Sin Actividad"), "Sin Actividad") -> 1 | AJ11: =IFERROR(IF(COUNT(V11,X11,Z11)>0,COUNT(AA11,Y11,W11)/COUNT(V11,X11,Z11),"Sin Actividad"), "Sin Actividad") -> Sin Actividad | AK11: =IFERROR(IF(COUNT(AB11,AC11,AF11)>0,COUNT(AB11,AD11,AG11)/COUNT(AB11,AC11,AE11),"Sin Actividad"), "Sin Actividad") -> Sin Actividad | AL11: =IFERROR(AVERAGE(AH11:AK11),"Sin Actividad") -> 1 | AM11: Computador, Instalaciones de la empresa. | AN11: Computador, Instalaciones de la empresa. | AO11: Gestión HSEQ
A12: 3 | B12: X | C12: X | D12: X | E12: Inducción de Gestión Humana | F12: Reseña Histórica de la empresa Misión Visión Reglamento Interno de Trabajo (Resumen) Código de Ética Manual de Convivencia Acoso Laboral Políticas de Gestión Humana Mecanismos de comunicación Contrato y anexos Seguridad Social y prestaciones sociales Uso de carné, correo y demás elementos suministrados | G12: 2 | H12: Brindar a los todos los trabajadores y contratistas de MERIDIAN CONSULTING LTDA., una orientación efectiva en cuanto a la estructura general de la empresa, funciones o actividades del cargo o servicio a prestar y de acuerdo a las necesidades y hallazgos, realizar e implementar el programa de capacitación y entrenamiento para la correcta y segura ejecución de las actividades | I12: Virtual | J12: 12 | K12: 12 | L12: 17 | M12: 17 | N12: 5 | O12: 5 | P12: 6 | Q12: 6 | R12: 3 | S12: 3 | T12: 4 | U12: 4 | AH12: =IFERROR(IF(SUM(J12,L12,N12)>0,SUM(M12,K12,O12)/SUM(J12,L12,N12),"Sin Actividad"), "Sin Actividad") -> 1 | AI12: =IFERROR(IF(SUM(P12,R12,T12)>0,SUM(Q12,S12,U12)/SUM(P12,R12,T12),"Sin Actividad"), "Sin Actividad") -> 1 | AJ12: =IFERROR(IF(COUNT(V12,X12,Z12)>0,COUNT(AA12,Y12,W12)/COUNT(V12,X12,Z12),"Sin Actividad"), "Sin Actividad") -> Sin Actividad | AK12: =IFERROR(IF(COUNT(AB12,AC12,AF12)>0,COUNT(AB12,AD12,AG12)/COUNT(AB12,AC12,AE12),"Sin Actividad"), "Sin Actividad") -> Sin Actividad | AL12: =IFERROR(AVERAGE(AH12:AK12),"Sin Actividad") -> 1 | AM12: Computador, Instalaciones de la empresa. | AN12: Computador, Instalaciones de la empresa. | AO12: Gestión HSEQ
A13: 4 | B13: X | C13: X | D13: X | E13: Primer Respondiente "Gente que Ayuda". | F13: Desempeño básico ante situaciones de emergencia Incendios. RCP y atoramiento Quemaduras y electrocución. Golpes, heridas y fracturas. Desmayos, convulsiones, hipotermia y parto. Temblores y terremotos. | G13: 2 | H13: Brindar los conocimientos necesarios para que el personal de Meridian actué como primer respondiente ante situaciones de emergencia. | I13: Virtual | L13: 2 | M13: 2 | N13: 2 | O13: 2 | P13: 15 | Q13: 15 | R13: 1 | S13: 1 | AH13: =IFERROR(IF(SUM(J13,L13,N13)>0,SUM(M13,K13,O13)/SUM(J13,L13,N13),"Sin Actividad"), "Sin Actividad") -> 1 | AI13: =IFERROR(IF(SUM(P13,R13,T13)>0,SUM(Q13,S13,U13)/SUM(P13,R13,T13),"Sin Actividad"), "Sin Actividad") -> 1 | AJ13: =IFERROR(IF(COUNT(V13,X13,Z13)>0,COUNT(AA13,Y13,W13)/COUNT(V13,X13,Z13),"Sin Actividad"), "Sin Actividad") -> Sin Actividad | AK13: =IFERROR(IF(COUNT(AB13,AC13,AF13)>0,COUNT(AB13,AD13,AG13)/COUNT(AB13,AC13,AE13),"Sin Actividad"), "Sin Actividad") -> Sin Actividad | AL13: =IFERROR(AVERAGE(AH13:AK13),"Sin Actividad") -> 1 | AM13: Computador, Instalaciones de la empresa. | AN13: Computador, Instalaciones de la empresa. | AO13: Gestión HSEQ
A14: 5 | B14: X | C14: X | D14: X | E14: Seguridad Víal | F14: 1. Valores Universales 2. Conciencia Víal 3. Actores Víales 4. Velocidad | G14: 2 | H14: Inducción Seguridad Víal | I14: Víal | L14: 36 | M14: 36 | AH14: =IFERROR(IF(SUM(J14,L14,N14)>0,SUM(M14,K14,O14)/SUM(J14,L14,N14),"Sin Actividad"), "Sin Actividad") -> 1 | AI14: =IFERROR(IF(SUM(P14,R14,T14)>0,SUM(Q14,S14,U14)/SUM(P14,R14,T14),"Sin Actividad"), "Sin Actividad") -> Sin Actividad | AJ14: =IFERROR(IF(COUNT(V14,X14,Z14)>0,COUNT(AA14,Y14,W14)/COUNT(V14,X14,Z14),"Sin Actividad"), "Sin Actividad") -> Sin Actividad | AK14: =IFERROR(IF(COUNT(AB14,AC14,AF14)>0,COUNT(AB14,AD14,AG14)/COUNT(AB14,AC14,AE14),"Sin Actividad"), "Sin Actividad") -> Sin Actividad | AL14: =IFERROR(AVERAGE(AH14:AK14),"Sin Actividad") -> 1 | AM14: Computador, Instalaciones de la empresa. | AN14: Computador, Instalaciones de la empresa. | AO14: Gestión HSEQ
A15: 6 | B15: X | C15: X | E15: Riesgo Publico & Derechos Humanos | F15: 1. Sección 1: Riesgo Público: Identificación, Prevención y Autocuidado 2. Sección 2: Promoción de los Derechos Humanos 3. Sección 3: Derechos Humanos en el Ámbito Laboral - Política de Riesgo Público Y DDHH | G15: 8 | H15: Fortalecer las competencias de los trabajadores para identificar, prevenir y actuar de manera segura frente a situaciones de riesgo público, promoviendo comportamientos seguros que protejan la vida, los bienes y la continuidad de las operaciones de la organización. | I15: Virtual | N15: 37 | O15: 37 | AH15: =IFERROR(IF(SUM(J15,L15,N15)>0,SUM(M15,K15,O15)/SUM(J15,L15,N15),"Sin Actividad"), "Sin Actividad") -> 1 | AI15: =IFERROR(IF(SUM(P15,R15,T15)>0,SUM(Q15,S15,U15)/SUM(P15,R15,T15),"Sin Actividad"), "Sin Actividad") -> Sin Actividad | AJ15: =IFERROR(IF(COUNT(V15,X15,Z15)>0,COUNT(AA15,Y15,W15)/COUNT(V15,X15,Z15),"Sin Actividad"), "Sin Actividad") -> Sin Actividad | AK15: =IFERROR(IF(COUNT(AB15,AC15,AF15)>0,COUNT(AB15,AD15,AG15)/COUNT(AB15,AC15,AE15),"Sin Actividad"), "Sin Actividad") -> Sin Actividad | AL15: =IFERROR(AVERAGE(AH15:AK15),"Sin Actividad") -> 1 | AM15: Computador, Instalaciones de la empresa. | AN15: Computador, Instalaciones de la empresa. | AO15: Gestión HSEQ
A16: 7 | B16: X | C16: X | E16: SAGRILAFT | F16: Lavado de Activos (LA) Financiación del Terrorismo (FT) Financiamiento de la Proliferación de Armas de Destrucción Masiva (FPADM) Diferencias entre LA/FT Sujetos obligados | G16: 2 | H16: Con el fin de fortalecer el conocimiento y cumplimiento de las disposiciones relacionadas con el Sistema de Autocontrol y Gestión del Riesgo Integral de Lavado de Activos, Financiación del Terrorismo y Proliferación de Armas de Destrucción Masiva | I16: Virtual | T16: 21 | U16: 21 | V16: 11 | AH16: =IFERROR(IF(SUM(J16,L16,N16)>0,SUM(M16,K16,O16)/SUM(J16,L16,N16),"Sin Actividad"), "Sin Actividad") -> Sin Actividad | AI16: =IFERROR(IF(SUM(P16,R16,T16)>0,SUM(Q16,S16,U16)/SUM(P16,R16,T16),"Sin Actividad"), "Sin Actividad") -> 1 | AJ16: =IFERROR(IF(COUNT(V16,X16,Z16)>0,COUNT(AA16,Y16,W16)/COUNT(V16,X16,Z16),"Sin Actividad"), "Sin Actividad") -> 0 | AK16: =IFERROR(IF(COUNT(AB16,AC16,AF16)>0,COUNT(AB16,AD16,AG16)/COUNT(AB16,AC16,AE16),"Sin Actividad"), "Sin Actividad") -> Sin Actividad | AL16: =IFERROR(AVERAGE(AH16:AK16),"Sin Actividad") -> 0.5 | AM16: Computador, Instalaciones de la empresa. | AN16: Computador, Instalaciones de la empresa. | AO16: Gestión HSEQ
A17: 8 | B17: X | C17: X | E17: Excelencia_HSE | F17: 1 ¿Qué es HSE y por qué es importante? Significado y beneficios para las personas, la empresa y el entorno. 2 Cultura de seguridad y autocuidado Comportamientos seguros, reportes de actos y condiciones inseguras. Responsabilidad individual y colectiva. 3 Pilares de la salud ocupacional Prevención de enfermedades laborales. Promoción de hábitos saludables. Exámenes médicos ocupacionales. 4 Gestión de la seguridad Identificación de peligros y evaluación de riesgos. Controles operacionales, uso correcto de EPP, permisos de trabajo. 5 Protección del medio ambiente Manejo adecuado de residuos, consumo responsable de recursos. Prevención de la contaminación. 6 Cumplimiento legal y normativo Leyes y normas HSE aplicables. Rol del trabajador en el cumplimiento. 7 Mejora continua en HSE Indicadores, auditorías internas, participación de los trabajadores. Lecciones aprendidas e innovación en seguridad y sostenibilidad. Espacios Confinados | G17: 8 | H17: Fomentar en los participantes una cultura de prevención, autocuidado y compromiso con la salud, la seguridad y la protección del medio ambiente, a través del fortalecimiento de conocimientos, actitudes y prácticas que contribuyan al cumplimiento de los estándares HSE y a la mejora continua en los entornos laborales. | I17: Virtual | AH17: =IFERROR(IF(SUM(J17,L17,N17)>0,SUM(M17,K17,O17)/SUM(J17,L17,N17),"Sin Actividad"), "Sin Actividad") -> Sin Actividad | AI17: =IFERROR(IF(SUM(P17,R17,T17)>0,SUM(Q17,S17,U17)/SUM(P17,R17,T17),"Sin Actividad"), "Sin Actividad") -> Sin Actividad | AJ17: =IFERROR(IF(COUNT(V17,X17,Z17)>0,COUNT(AA17,Y17,W17)/COUNT(V17,X17,Z17),"Sin Actividad"), "Sin Actividad") -> Sin Actividad | AK17: =IFERROR(IF(COUNT(AB17,AC17,AF17)>0,COUNT(AB17,AD17,AG17)/COUNT(AB17,AC17,AE17),"Sin Actividad"), "Sin Actividad") -> Sin Actividad | AL17: =IFERROR(AVERAGE(AH17:AK17),"Sin Actividad") -> Sin Actividad | AM17: Computador, Instalaciones de la empresa. | AN17: Computador, Instalaciones de la empresa. | AO17: Gestión HSEQ
A18: 9 | B18: X | C18: X | E18: Salud Publica | F18: 1 ¿Qué es salud pública? Cuidado de la salud de toda la comunidad. 2 Prevención de enfermedades Higiene, vacunación, alimentación saludable. 3 Promoción de estilos de vida saludables Ejercicio, no fumar, cuidar la salud mental. 4 Salud ambiental Manejo de residuos, agua limpia, aire puro. 5 Acceso a servicios de salud Rutas de atención y derechos en salud. 6 Respuesta a emergencias sanitarias Qué hacer en caso de brotes o desastres. | G18: 8 | H18: Brindar a los participantes conocimientos básicos sobre salud pública, sus principales áreas de acción y su impacto en la comunidad, con el fin de fomentar hábitos saludables, prevenir enfermedades y promover el bienestar colectivo a través de la participación activa y el autocuidado. | I18: Virtual | AH18: =IFERROR(IF(SUM(J18,L18,N18)>0,SUM(M18,K18,O18)/SUM(J18,L18,N18),"Sin Actividad"), "Sin Actividad") -> Sin Actividad | AI18: =IFERROR(IF(SUM(P18,R18,T18)>0,SUM(Q18,S18,U18)/SUM(P18,R18,T18),"Sin Actividad"), "Sin Actividad") -> Sin Actividad | AJ18: =IFERROR(IF(COUNT(V18,X18,Z18)>0,COUNT(AA18,Y18,W18)/COUNT(V18,X18,Z18),"Sin Actividad"), "Sin Actividad") -> Sin Actividad | AK18: =IFERROR(IF(COUNT(AB18,AC18,AF18)>0,COUNT(AB18,AD18,AG18)/COUNT(AB18,AC18,AE18),"Sin Actividad"), "Sin Actividad") -> Sin Actividad | AL18: =IFERROR(AVERAGE(AH18:AK18),"Sin Actividad") -> Sin Actividad | AM18: Computador, Instalaciones de la empresa. | AN18: Computador, Instalaciones de la empresa. | AO18: Gestión HSEQ
A19: 10 | B19: X | C19: X | E19: Conservación y Cuidado del Medio Ambiente | F19: 1 ¿Qué es el medio ambiente y por qué debemos cuidarlo? Importancia del aire, agua, suelo, flora y fauna. 2 Problemas ambientales actuales Contaminación, cambio climático, deforestación, pérdida de biodiversidad. 3 Separación y manejo adecuado de residuos Basura orgánica, reciclaje, residuos peligrosos. 4 Uso responsable de los recursos naturales Ahorro de agua, energía y materiales. 5 Buenas prácticas ambientales en el hogar y el trabajo Reducir, reutilizar y reciclar (Regla de las 3R). Evitar plásticos de un solo uso. 6 Participación y compromiso individual y colectivo Cómo cada persona puede aportar a un planeta más limpio. | G19: 8 | H19: Sensibilizar y capacitar a los participantes sobre la importancia de proteger el medio ambiente, promoviendo prácticas responsables como el uso eficiente de los recursos, la correcta gestión de residuos y la reducción de impactos negativos, con el fin de contribuir a la sostenibilidad del entorno en el hogar, el trabajo y la comunidad. | I19: Virtual | AH19: =IFERROR(IF(SUM(J19,L19,N19)>0,SUM(M19,K19,O19)/SUM(J19,L19,N19),"Sin Actividad"), "Sin Actividad") -> Sin Actividad | AI19: =IFERROR(IF(SUM(P19,R19,T19)>0,SUM(Q19,S19,U19)/SUM(P19,R19,T19),"Sin Actividad"), "Sin Actividad") -> Sin Actividad | AJ19: =IFERROR(IF(COUNT(V19,X19,Z19)>0,COUNT(AA19,Y19,W19)/COUNT(V19,X19,Z19),"Sin Actividad"), "Sin Actividad") -> Sin Actividad | AK19: =IFERROR(IF(COUNT(AB19,AC19,AF19)>0,COUNT(AB19,AD19,AG19)/COUNT(AB19,AC19,AE19),"Sin Actividad"), "Sin Actividad") -> Sin Actividad | AL19: =IFERROR(AVERAGE(AH19:AK19),"Sin Actividad") -> Sin Actividad | AM19: Computador, Instalaciones de la empresa. | AN19: Computador, Instalaciones de la empresa. | AO19: Gestión HSEQ
A20: 11 | C20: X | E20: Well control | F20: Según el marco del programa WellSharp de la IADC,: Causas de surgencias,Complicaciones,Regulaciones,Procedimientos de cierre, Detección de surgencias,Fluidos, Señales de advertencia de surgencias,Procedimientos de ahogo, Teoría de surgencia, Equipamiento de BOP,Sacada y Bajada de Tubería/ Inserción de Tubería bajo,presión Métodos de presión constante de fondo de pozo.) | G20: 32 | H20: Enseñar principios básicos y teoría de control de pozos, así como las técnicas de control de pozos más utilizadas. | I20: Virtual / Presencial | J20: 1 | K20: 1 | L20: 4 | M20: 4 | R20: 1 | S20: 1 | AH20: =IFERROR(IF(SUM(J20,L20,N20)>0,SUM(M20,K20,O20)/SUM(J20,L20,N20),"Sin Actividad"), "Sin Actividad") -> 1 | AI20: =IFERROR(IF(SUM(P20,R20,T20)>0,SUM(Q20,S20,U20)/SUM(P20,R20,T20),"Sin Actividad"), "Sin Actividad") -> 1 | AJ20: =IFERROR(IF(COUNT(V20,X20,Z20)>0,COUNT(AA20,Y20,W20)/COUNT(V20,X20,Z20),"Sin Actividad"), "Sin Actividad") -> Sin Actividad | AK20: =IFERROR(IF(COUNT(AB20,AC20,AF20)>0,COUNT(AB20,AD20,AG20)/COUNT(AB20,AC20,AE20),"Sin Actividad"), "Sin Actividad") -> Sin Actividad | AL20: =IFERROR(AVERAGE(AH20:AK20),"Sin Actividad") -> 1 | AM20: Computador, Instalaciones de la empresa. | AN20: Computador, Instalaciones de la empresa. | AO20: Gestión HSEQ
A21: 12 | C21: X | E21: Stuck Pipe/ Pega de Tuberías | F21: Impacto de tubería pegada, Causas humanas y físicas ,Pega diferencial, Tubería pegada mecánicamente, Tubería pegada por problemas relacionados con la formación, Signos de advertencia, Prevención de pega diferencial, y por mecanismo mecánico, Calculadora de tubería pegada. | G21: 8 | H21: Capacitar en el reconocimiento de los factores que causan la pega de tuberías , así como su prevención y soluciones posibles. | I21: Virtual / Presencia | L21: 4 | M21: 4 | N21: 1 | O21: 1 | R21: 1 | S21: 1 | AH21: =IFERROR(IF(SUM(J21,L21,N21)>0,SUM(M21,K21,O21)/SUM(J21,L21,N21),"Sin Actividad"), "Sin Actividad") -> 1 | AI21: =IFERROR(IF(SUM(P21,R21,T21)>0,SUM(Q21,S21,U21)/SUM(P21,R21,T21),"Sin Actividad"), "Sin Actividad") -> 1 | AJ21: =IFERROR(IF(COUNT(V21,X21,Z21)>0,COUNT(AA21,Y21,W21)/COUNT(V21,X21,Z21),"Sin Actividad"), "Sin Actividad") -> Sin Actividad | AK21: =IFERROR(IF(COUNT(AB21,AC21,AF21)>0,COUNT(AB21,AD21,AG21)/COUNT(AB21,AC21,AE21),"Sin Actividad"), "Sin Actividad") -> Sin Actividad | AL21: =IFERROR(AVERAGE(AH21:AK21),"Sin Actividad") -> 1 | AM21: Computador, Instalaciones de la empresa. | AN21: Computador, Instalaciones de la empresa. | AO21: Gestión HSEQ
A22: 13 | C22: X | E22: Rig Pass | F22: Módulo 1 - Orientación del nuevo trabajador en un equipo de perforación Módulo 2 - Comunicación de riesgos Módulo 3 - Manejo defensivo Módulo 4 - Equipos de protección personal(EPPS) Módulo 5 - Levante manual de cargas Módulo 6 - Comunicación de riesgos y manejo de materiales peligrosos Módulo 7 - Salud ocupacional Módulo 8 - Sulfuro de hidrógeno Módulo 9 - Procedimientos especializados de trabajo Módulo 10 - Espacios confinados y permisos de trabajo Módulo 11 - Seguridad contra incendios Módulo 12 - Manejo de materiales Módulo 13 - Salud y primeros auxilios Módulo 14 - Respuesta a emergencias Módulo 15 - Protección ambiental en un taladro de perforación | G22: 8 | H22: Capacitar y entrenar a todos los trabajadores para ingresar a los equipos de operación en torre tanto en el mar como en tierra. Los conceptos del curso tratan sobre seguridad, comunicación de peligros, salud ocupacional, procedimientos especializados de trabajos, manejo de materiales, primeros auxilios, protocolos de trabajo, manejo de las relaciones, entornos en la torre o plataforma de perforación, respuesta a emergencias, transporte y seguridad en el agua. | I22: Presencial/Virtual | J22: 1 | K22: 1 | L22: 3 | M22: 3 | N22: 3 | O22: 3 | R22: 1 | S22: 1 | T22: 1 | U22: 1 | V22: 1 | W22: 1 | AH22: =IFERROR(IF(SUM(J22,L22,N22)>0,SUM(M22,K22,O22)/SUM(J22,L22,N22),"Sin Actividad"), "Sin Actividad") -> 1 | AI22: =IFERROR(IF(SUM(P22,R22,T22)>0,SUM(Q22,S22,U22)/SUM(P22,R22,T22),"Sin Actividad"), "Sin Actividad") -> 1 | AJ22: =IFERROR(IF(COUNT(V22,X22,Z22)>0,COUNT(AA22,Y22,W22)/COUNT(V22,X22,Z22),"Sin Actividad"), "Sin Actividad") -> 1 | AK22: =IFERROR(IF(COUNT(AB22,AC22,AF22)>0,COUNT(AB22,AD22,AG22)/COUNT(AB22,AC22,AE22),"Sin Actividad"), "Sin Actividad") -> Sin Actividad | AL22: =IFERROR(AVERAGE(AH22:AK22),"Sin Actividad") -> 1 | AM22: Computador, Instalaciones de la empresa. | AN22: Computador, Instalaciones de la empresa. | AO22: Gestión HSEQ
A23: 14 | C23: X | E23: Trabajo seguro en alturas: Jefes de área para trabajos en alturas. | F23: Naturaleza de los peligros de caída de personas y objetos en el área de trabajo y fomento del autocuidado de las personas. Requisitos legales en protección contra caídas para trabajo seguro en alturas, de acuerdo a la actividad económica. Responsabilidad laboral, civil, penal y administrativa. Conceptos técnicos de protección contra caídas para trabajo seguro en alturas. Medidas de prevención y protección contra caídas en trabajo desarrollado en alturas. Procedimientos para seleccionar, manipular y almacenar equipos y materiales utilizados para protección contra caídas. Conceptos básicos de autor rescate, rescate y fundamentos de primeros auxilios. Permiso de trabajo en alturas. | G23: 8 | H23: Capacitar a los trabajadores para controlar los riesgos d de trabajo en altura | I23: Virtual / Presencia | L23: 9 | M23: 9 | P23: 6 | Q23: 6 | R23: 4 | S23: 4 | T23: 2 | U23: 2 | AH23: =IFERROR(IF(SUM(J23,L23,N23)>0,SUM(M23,K23,O23)/SUM(J23,L23,N23),"Sin Actividad"), "Sin Actividad") -> 1 | AI23: =IFERROR(IF(SUM(P23,R23,T23)>0,SUM(Q23,S23,U23)/SUM(P23,R23,T23),"Sin Actividad"), "Sin Actividad") -> 1 | AJ23: =IFERROR(IF(COUNT(V23,X23,Z23)>0,COUNT(AA23,Y23,W23)/COUNT(V23,X23,Z23),"Sin Actividad"), "Sin Actividad") -> Sin Actividad | AK23: =IFERROR(IF(COUNT(AB23,AC23,AF23)>0,COUNT(AB23,AD23,AG23)/COUNT(AB23,AC23,AE23),"Sin Actividad"), "Sin Actividad") -> Sin Actividad | AL23: =IFERROR(AVERAGE(AH23:AK23),"Sin Actividad") -> 1 | AM23: Computador, Instalaciones de la empresa. | AN23: Computador, Instalaciones de la empresa. | AO23: Gestión HSEQ
A24: 15 | B24: X | C24: X | D24: X | E24: HSEQ FRONTERA | F24: 1. Salud Ocupacional 2. Emergencias 3. Gestión Ambiental 4. Seguridad Industrial 5. Calidad | G24: 4 | H24: Dar a conocer los lineamientos HSE del cliente Frontera Energy a todos los trabajadores del proyecto. | I24: Virtual | J24: 18 | K24: 18 | L24: 11 | M24: 11 | N24: 6 | O24: 6 | P24: 7 | Q24: 7 | R24: 1 | S24: 1 | T24: 1 | U24: 1 | AH24: =IFERROR(IF(SUM(J24,L24,N24)>0,SUM(M24,K24,O24)/SUM(J24,L24,N24),"Sin Actividad"), "Sin Actividad") -> 1 | AI24: =IFERROR(IF(SUM(P24,R24,T24)>0,SUM(Q24,S24,U24)/SUM(P24,R24,T24),"Sin Actividad"), "Sin Actividad") -> 1 | AJ24: =IFERROR(IF(COUNT(V24,X24,Z24)>0,COUNT(AA24,Y24,W24)/COUNT(V24,X24,Z24),"Sin Actividad"), "Sin Actividad") -> Sin Actividad | AK24: =IFERROR(IF(COUNT(AB24,AC24,AF24)>0,COUNT(AB24,AD24,AG24)/COUNT(AB24,AC24,AE24),"Sin Actividad"), "Sin Actividad") -> Sin Actividad | AL24: =IFERROR(AVERAGE(AH24:AK24),"Sin Actividad") -> 1 | AM24: Computador, Instalaciones de la empresa. | AN24: Computador, Instalaciones de la empresa. | AO24: Gestión HSEQ
A25: 16 | C25: X | E25: Control del Trabajo Frontera | F25: 1. Políticas Corporativas Frontera Energy 2. E-HSEQ-S-003 Estándar De Control Del Trabajo 3. E-HSEQ-S-004 Estándar De Seguridad Para Realizar Trabajos En Altura 4. E-HSEQ-S-005 Estándar De Seguridad Para El Levantamiento Mecánico De Cargas 5. E-HSEQ-S-006 Estándar De Seguridad Para Realizar Excavaciones 6. E-HSEQ-S-007 Estándar De Seguridad Para Trabajos En Espacios Confinados 7. E-HSEQ-S-008 Estándar De Seguridad Para Trabajos Con Energía Eléctrica 8. E-HSEQ-S-008 Estándar De Seguridad Para Realizar Aislamientos 9. E-HSEQ-S-009 Estándar Para El Levantamiento Manual De Cargas 10. E-HSEQ-S-010 Estándar De Seguridad Para Identificación De Peligros, Evaluación Y Valoración De Riesgos 11. E-HSEQ-S-011 Estándar De Seguridad Para Manejo De Productos Químicos 12. E-HSEQ-S-023 Estándar De Seguridad Vial 13. P-HSEQ-Q-014 Procedimiento Roles Y Responsabilidades De Control Del Trabajo 14. Seguridad Vial 15. Aislamientos De Energía 16. Trabajos En Altura 17. “Protegemos La Vida Controlando El Trabajo” 18. Elementos De Protección Personal 19. Espacios Confinados 20. Excavaciones 21. Identificación De Peligros, Evaluación Y Valoración De Riesgos 22. Levantamiento Manual De Carga 23. Levantamiento Mecánico De Cargas 24. Manejo De Químicos 25. “Permisos De Trabajo” | G25: 32 | H25: Reducir el riesgo al que están expuestos los tra bajadores, el medio ambiente, la operación y los equipos, protegiendo la vida y el bienesta r, a la vez que se ref uer za la discipli na operaciona l y la cultu ra segura de alto rendi miento. | I25: Virtual | J25: 13 | K25: 13 | L25: 10 | M25: 10 | N25: 3 | O25: 3 | P25: 3 | Q25: 3 | R25: 2 | S25: 2 | T25: 1 | U25: 1 | AH25: =IFERROR(IF(SUM(J25,L25,N25)>0,SUM(M25,K25,O25)/SUM(J25,L25,N25),"Sin Actividad"), "Sin Actividad") -> 1 | AI25: =IFERROR(IF(SUM(P25,R25,T25)>0,SUM(Q25,S25,U25)/SUM(P25,R25,T25),"Sin Actividad"), "Sin Actividad") -> 1 | AJ25: =IFERROR(IF(COUNT(V25,X25,Z25)>0,COUNT(AA25,Y25,W25)/COUNT(V25,X25,Z25),"Sin Actividad"), "Sin Actividad") -> Sin Actividad | AK25: =IFERROR(IF(COUNT(AB25,AC25,AF25)>0,COUNT(AB25,AD25,AG25)/COUNT(AB25,AC25,AE25),"Sin Actividad"), "Sin Actividad") -> Sin Actividad | AL25: =IFERROR(AVERAGE(AH25:AK25),"Sin Actividad") -> 1 | AM25: Computador, Instalaciones de la empresa. | AN25: Computador, Instalaciones de la empresa. | AO25: Gestión HSEQ
D28: PARÁMETRO A MEDIR
D29: CUMPLIMIENTO PROGRAMA CAPACITACIÓN ENTRENAMIENTO | J29: ENE | L29: FEB | N29: MAR | P29: ABR | R29: MAY | T29: JUN | V29: JUL | X29: AGOS | Z29: SEP | AB29: OCT | AD29: NOV | AF29: DEC
D30: Programado mensual | J30: =SUMIF(J10:J25,">0") -> 64 | L30: =SUMIF(L10:L25,">0") -> 116 | N30: =SUMIF(N10:N25,">0") -> 66 | P30: =SUMIF(P10:P25,">0") -> 45 | R30: =SUMIF(R10:R25,">0") -> 18 | T30: =SUMIF(T10:T25,">0") -> 34 | V30: =SUMIF(V10:V25,">0") -> 12 | X30: =SUMIF(X10:X25,">0") -> 0 | Z30: =SUMIF(Z10:Z25,">0") -> 0 | AB30: =SUMIF(AB10:AB25,">0") -> 0 | AD30: =SUMIF(AD10:AD25,">0") -> 0 | AF30: =SUMIF(AF10:AF25,">0") -> 0 | AH30: =IFERROR(AVERAGE(J33:AG33),"Sin Actividad Programada") -> 0.69444444
D31: Ejecutado mensual | J31: =SUMIF(K10:K25,">0") -> 64 | L31: =SUMIF(M10:M25,">0") -> 116 | N31: =SUMIF(O10:O25,">0") -> 66 | P31: =SUMIF(Q10:Q25,">0") -> 45 | R31: =SUMIF(S10:S25,">0") -> 18 | T31: =SUMIF(U10:U25,">0") -> 34 | V31: =SUMIF(W10:W25,">0") -> 1 | X31: =SUMIF(Y10:Y25,">0") -> 0 | Z31: =SUMIF(AA10:AA25,">0") -> 0 | AB31: =SUMIF(AC10:AC25,">0") -> 0 | AD31: =SUMIF(AE10:AE25,">0") -> 0 | AF31: =SUMIF(AG10:AG25,">0") -> 0
D32: % Cumplimiento mensual | J32: =IF(J30>0,J31/J30,IF(J30=0,"N,A")) -> 1 | L32: =IF(L30>0,L31/L30,IF(L30=0,"N,A")) -> 1 | N32: =IF(N30>0,N31/N30,IF(N30=0,"N,A")) -> 1 | P32: =IF(P30>0,P31/P30,IF(P30=0,"N,A")) -> 1 | R32: =IF(R30>0,R31/R30,IF(R30=0,"N,A")) -> 1 | T32: =IF(T30>0,T31/T30,IF(T30=0,"N,A")) -> 1 | V32: =IF(V30>0,V31/V30,IF(V30=0,"N,A")) -> 0.083333333 | X32: =IF(X30>0,X31/X30,IF(X30=0,"N,A")) -> N,A | Z32: =IF(Z30>0,Z31/Z30,IF(Z30=0,"N,A")) -> N,A | AB32: =IF(AB30>0,AB31/AB30,IF(AB30=0,"N,A")) -> N,A | AD32: =IF(AD30>0,AD31/AD30,IF(AD30=0,"N,A")) -> N,A | AF32: =IF(AF30>0,AF31/AF30,IF(AF30=0,"N,A")) -> N,A
D33: % Cumplimiento trimestral | J33: =IFERROR(IF(SUM(J32:O32)>=0,AVERAGE(J32:O32),"N.A."),"N,A") -> 1 | P33: =IFERROR(IF(SUM(P32:U32)>=0,AVERAGE(P32:U32),"N.A."),"N,A") -> 1 | V33: =IFERROR(IF(SUM(V32:AA32)>=0,AVERAGE(V32:AA32),"N.A."),"N,A") -> 0.083333333 | AB33: =IFERROR(IF(SUM(AB32:AG32)>=0,AVERAGE(AB32:AG32),"N.A."),"N,A") -> N,A
D34: CUMPLIMIENTO PROGRAMA INDUCCIÓN Y REINDUCCIÓN | J34: ENE | L34: FEB | N34: MAR | P34: ABR | R34: MAY | T34: JUN | V34: JUL | X34: AGOS | Z34: SEP | AB34: OCT | AD34: NOV | AF34: DEC
D35: Programado mensual | J35: =SUMIF(J10,">0")+SUMIF(J12,">0") -> 24 | L35: =SUMIF(L10,">0")+SUMIF(L12,">0") -> 34 | N35: =SUMIF(N10,">0")+SUMIF(N12,">0") -> 10 | P35: =SUMIF(P10,">0")+SUMIF(P12,">0") -> 12 | R35: =SUMIF(R10,">0")+SUMIF(R12,">0") -> 6 | T35: =SUMIF(T10,">0")+SUMIF(T12,">0") -> 8 | V35: =SUMIF(V10,">0")+SUMIF(V12,">0") -> 0 | X35: =SUMIF(X10,">0")+SUMIF(X12,">0") -> 0 | Z35: =SUMIF(Z10,">0")+SUMIF(Z12,">0") -> 0 | AB35: =SUMIF(AB10,">0")+SUMIF(AB12,">0") -> 0 | AD35: =SUMIF(AD10,">0")+SUMIF(AD12,">0") -> 0 | AF35: =SUMIF(AF10,">0")+SUMIF(AF12,">0") -> 0 | AH35: =IFERROR(AVERAGE(J38:AG38),"Sin Actividad Programada") -> 1
D36: Ejecutado mensual | J36: =SUMIF(K10,">0")+SUMIF(K12,">0") -> 24 | L36: =SUMIF(M10,">0")+SUMIF(M12,">0") -> 34 | N36: =SUMIF(O10,">0")+SUMIF(O12,">0") -> 10 | P36: =SUMIF(Q10,">0")+SUMIF(Q12,">0") -> 12 | R36: =SUMIF(S10,">0")+SUMIF(S12,">0") -> 6 | T36: =SUMIF(U10,">0")+SUMIF(U12,">0") -> 8 | V36: =SUMIF(W10,">0")+SUMIF(W12,">0") -> 0 | X36: =SUMIF(Y10,">0")+SUMIF(Y12,">0") -> 0 | Z36: =SUMIF(AA10,">0")+SUMIF(AA12,">0") -> 0 | AB36: =SUMIF(AC10,">0")+SUMIF(AC12,">0") -> 0 | AD36: =SUMIF(AE10,">0")+SUMIF(AE12,">0") -> 0 | AF36: =SUMIF(AG10,">0")+SUMIF(AG12,">0") -> 0
D37: % Cumplimiento mensual | J37: =IF(J35>0,J36/J35,IF(J35=0,"N,A")) -> 1 | L37: =IF(L35>0,L36/L35,IF(L35=0,"N,A")) -> 1 | N37: =IF(N35>0,N36/N35,IF(N35=0,"N,A")) -> 1 | P37: =IF(P35>0,P36/P35,IF(P35=0,"N,A")) -> 1 | R37: =IF(R35>0,R36/R35,IF(R35=0,"N,A")) -> 1 | T37: =IF(T35>0,T36/T35,IF(T35=0,"N,A")) -> 1 | V37: =IF(V35>0,V36/V35,IF(V35=0,"N,A")) -> N,A | X37: =IF(X35>0,X36/X35,IF(X35=0,"N,A")) -> N,A | Z37: =IF(Z35>0,Z36/Z35,IF(Z35=0,"N,A")) -> N,A | AB37: =IF(AB35>0,AB36/AB35,IF(AB35=0,"N,A")) -> N,A | AD37: =IF(AD35>0,AD36/AD35,IF(AD35=0,"N,A")) -> N,A | AF37: =IF(AF35>0,AF36/AF35,IF(AF35=0,"N,A")) -> N,A
D38: % Cumplimiento trimestral | J38: =IFERROR(IF(SUM(J37:O37)>=0,AVERAGE(J37:O37),"N.A."),"N,A") -> 1 | P38: =IFERROR(IF(SUM(P37:U37)>=0,AVERAGE(P37:U37),"N.A."),"N,A") -> 1 | V38: =IFERROR(IF(SUM(V37:AA37)>=0,AVERAGE(V37:AA37),"N.A."),"N,A") -> N,A | AB38: =IFERROR(IF(SUM(AB37:AG37)>=0,AVERAGE(AB37:AG37),"N.A."),"N,A") -> N,A
D39: CUMPLIMIENTO TAREAS CRITICAS (CAPACITACIONES OBLIGATORIAS) | J39: ENE | L39: FEB | N39: MAR | P39: ABR | R39: MAY | T39: JUN | V39: JUL | X39: AGOS | Z39: SEP | AB39: OCT | AD39: NOV | AF39: DEC
D40: Programado mensual | J40: =SUMIF(J20:J25,">0")+SUMIF(J15,">0") -> 33 | L40: =SUMIF(L20:L25,">0")+SUMIF(L15,">0") -> 41 | N40: =SUMIF(N20:N25,">0")+SUMIF(N15,">0") -> 50 | P40: =SUMIF(P20:P25,">0")+SUMIF(P15,">0") -> 16 | R40: =SUMIF(R20:R25,">0")+SUMIF(R15,">0") -> 10 | T40: =SUMIF(T20:T25,">0")+SUMIF(T15,">0") -> 5 | V40: =SUMIF(V20:V25,">0")+SUMIF(V15,">0") -> 1 | X40: =SUMIF(X20:X25,">0")+SUMIF(X15,">0") -> 0 | Z40: =SUMIF(Z20:Z25,">0")+SUMIF(Z15,">0") -> 0 | AB40: =SUMIF(AB20:AB25,">0")+SUMIF(AB15,">0") -> 0 | AD40: =SUMIF(AD20:AD25,">0")+SUMIF(AD15,">0") -> 0 | AF40: =SUMIF(AF20:AF25,">0")+SUMIF(AF15,">0") -> 0 | AH40: =IFERROR(AVERAGE(J43:AG43),"Sin Actividad Programada") -> 1
D41: Ejecutado mensual | J41: =SUMIF(K20:K25,">0")+SUMIF(K15,">0") -> 33 | L41: =SUMIF(M20:M25,">0")+SUMIF(M15,">0") -> 41 | N41: =SUMIF(O20:O25,">0")+SUMIF(O15,">0") -> 50 | P41: =SUMIF(Q20:Q25,">0")+SUMIF(Q15,">0") -> 16 | R41: =SUMIF(S20:S25,">0")+SUMIF(S15,">0") -> 10 | T41: =SUMIF(U20:U25,">0")+SUMIF(U15,">0") -> 5 | V41: =SUMIF(W20:W25,">0")+SUMIF(W15,">0") -> 1 | X41: =SUMIF(Y20:Y25,">0")+SUMIF(Y15,">0") -> 0 | Z41: =SUMIF(AA20:AA25,">0")+SUMIF(AA15,">0") -> 0 | AB41: =SUMIF(AC20:AC25,">0")+SUMIF(AC15,">0") -> 0 | AD41: =SUMIF(AE20:AE25,">0")+SUMIF(AE15,">0") -> 0 | AF41: =SUMIF(AG20:AG25,">0")+SUMIF(AG15,">0") -> 0
D42: % Cumplimiento mensual | J42: =IF(J40>0,J41/J40,IF(J40=0,"N,A")) -> 1 | L42: =IF(L40>0,L41/L40,IF(L40=0,"N,A")) -> 1 | N42: =IF(N40>0,N41/N40,IF(N40=0,"N,A")) -> 1 | P42: =IF(P40>0,P41/P40,IF(P40=0,"N,A")) -> 1 | R42: =IF(R40>0,R41/R40,IF(R40=0,"N,A")) -> 1 | T42: =IF(T40>0,T41/T40,IF(T40=0,"N,A")) -> 1 | V42: =IF(V40>0,V41/V40,IF(V40=0,"N,A")) -> 1 | X42: =IF(X40>0,X41/X40,IF(X40=0,"N,A")) -> N,A | Z42: =IF(Z40>0,Z41/Z40,IF(Z40=0,"N,A")) -> N,A | AB42: =IF(AB40>0,AB41/AB40,IF(AB40=0,"N,A")) -> N,A | AD42: =IF(AD40>0,AD41/AD40,IF(AD40=0,"N,A")) -> N,A | AF42: =IF(AF40>0,AF41/AF40,IF(AF40=0,"N,A")) -> N,A
D43: % Cumplimiento trimestral | J43: =IFERROR(IF(SUM(J42:O42)>=0,AVERAGE(J42:O42),"N.A."),"N,A") -> 1 | P43: =IFERROR(IF(SUM(P42:U42)>=0,AVERAGE(P42:U42),"N.A."),"N,A") -> 1 | V43: =IFERROR(IF(SUM(V42:AA42)>=0,AVERAGE(V42:AA42),"N.A."),"N,A") -> 1 | AB43: =IFERROR(IF(SUM(AB42:AG42)>=0,AVERAGE(AB42:AG42),"N.A."),"N,A") -> N,A

Sheet MATRIZ POR CARGO
B1: PROGRAMA DE CAPACITACIÓN Y ENTRENAMIENTO ANUAL
B2: Fecha: 24/05/2023 Versión: 14 HSEQ-PRG-10
A3: CARGO PROPUESTO Y/O ROL | B3: PROYECTO | C3: PROCESO | D3: =CRONOGRAMA!A10 -> 1 | E3: =CRONOGRAMA!A11 -> 2 | F3: =CRONOGRAMA!A12 -> 3 | G3: =CRONOGRAMA!A13 -> 4 | H3: =CRONOGRAMA!A14 -> 5 | I3: =CRONOGRAMA!A15 -> 6 | J3: 7 | K3: =CRONOGRAMA!A17 -> 8 | L3: =CRONOGRAMA!A18 -> 9 | M3: =CRONOGRAMA!A19 -> 10 | N3: =CRONOGRAMA!A20 -> 11 | O3: =CRONOGRAMA!A21 -> 12 | P3: =CRONOGRAMA!A22 -> 13 | Q3: =CRONOGRAMA!A23 -> 14 | R3: =CRONOGRAMA!A24 -> 15
A4: CARGO PROPUESTO Y/O ROL | B4: PROYECTO | C4: PROCESO | D4: =CRONOGRAMA!E10 -> Inducción y/o Reinducción HSEQ | E4: =CRONOGRAMA!E11 -> Induccion al cargo | F4: =CRONOGRAMA!E12 -> Inducción de Gestión Humana | G4: =CRONOGRAMA!E13 -> Primer Respondiente "Gente que Ayuda". | H4: =CRONOGRAMA!E14 -> Seguridad Víal | I4: =CRONOGRAMA!E15 -> Riesgo Publico & Derechos Humanos | J4: SAGRILAFT | K4: =CRONOGRAMA!E17 -> Excelencia_HSE | L4: =CRONOGRAMA!E18 -> Salud Publica | M4: =CRONOGRAMA!E19 -> Conservación y Cuidado del Medio Ambiente | N4: =CRONOGRAMA!E20 -> Well control | O4: =CRONOGRAMA!E21 -> Stuck Pipe/ Pega de Tuberías | P4: =CRONOGRAMA!E22 -> Rig Pass | Q4: =CRONOGRAMA!E23 -> Trabajo seguro en alturas: Jefes de área para trabajos en alturas. | R4: =CRONOGRAMA!E24 -> HSEQ FRONTERA
A5: GERENTE GENERAL | B5: ADMINISTRACIÓN | C5: GESTIÓN ESTRATEGICA | D5: X | E5: X | F5: X | G5: X | H5: X | I5: X | J5: X | K5: X | L5: X | M5: X | Q5: X | R5: X
A6: SUBGERENTE | B6: ADMINISTRACIÓN | C6: GESTIÓN ESTRATEGICA | D6: X | E6: X | F6: X | G6: X | H6: X | I6: X | J6: X | K6: X | L6: X | M6: X | Q6: X | R6: X
A7: GERENTE ADMINISTRATIVA Y FINANCIERA | B7: ADMINISTRACIÓN | C7: GESTIÓN ADMINISTRATIVA Y FINANCIERA | D7: X | E7: X | F7: X | G7: X | H7: X | I7: X | J7: X | K7: X | L7: X | M7: X | Q7: X | R7: X
A8: ASISTENTE ADMINISTRATIVO | B8: ADMINISTRACIÓN | C8: GESTIÓN ADMINISTRATIVA Y FINANCIERA | D8: X | E8: X | F8: X | G8: X | H8: X | I8: X | J8: X | K8: X | L8: X | M8: X | Q8: X | R8: X
A9: COORDINADOR HSEQ | B9: ADMINISTRACIÓN | C9: GESTIÓN HSEQ | D9: X | E9: X | F9: X | G9: X | H9: X | I9: X | J9: X | K9: X | L9: X | M9: X | Q9: X | R9: X
A10: PROFESIONAL HSEQ | B10: ADMINISTRACIÓN | C10: GESTIÓN HSEQ | D10: X | E10: X | F10: X | G10: X | H10: X | I10: X | J10: X | K10: X | L10: X | M10: X | Q10: X | R10: X
A11: SOPORTE HSEQ | B11: ADMINISTRACIÓN | C11: GESTIÓN HSEQ | D11: X | E11: X | F11: X | G11: X | H11: X | I11: X | J11: X | K11: X | L11: X | M11: X | Q11: X | R11: X
A12: COORDINADOR/DIRECTOR DE PROYECTOS | B12: ADMINISTRACIÓN | C12: GESTIÓN DE PROYECTOS | D12: X | E12: X | F12: X | G12: X | H12: X | I12: X | J12: X | K12: X | L12: X | M12: X | Q12: X | R12: X
A13: PROFESIONAL DE PROYECTOS | B13: ADMINISTRACIÓN | C13: GESTIÓN DE PROYECTOS | D13: X | E13: X | F13: X | G13: X | H13: X | I13: X | J13: X | K13: X | L13: X | M13: X | Q13: X | R13: X
A14: ASISTENTE DE COMPANY MAN D1 | B14: PROYECTO | C14: GESTIÓN DE PROYECTOS | D14: X | E14: X | F14: X | G14: X | H14: X | I14: X | J14: X | K14: X | L14: X | M14: X | Q14: X | R14: X
A15: ASISTENTE DE COMPANY MAN D2 | B15: PROYECTO | C15: GESTIÓN DE PROYECTOS | D15: X | E15: X | F15: X | G15: X | H15: X | I15: X | J15: X | K15: X | L15: X | M15: X | Q15: X | R15: X
A16: ASISTENTE DE COMPANY MAN D3 | B16: PROYECTO | C16: GESTIÓN DE PROYECTOS | D16: X | E16: X | F16: X | G16: X | H16: X | I16: X | J16: X | K16: X | L16: X | M16: X | Q16: X | R16: X
A17: COMPANY MAN B1 | B17: PROYECTO | C17: GESTIÓN DE PROYECTOS | D17: X | E17: X | F17: X | G17: X | H17: X | I17: X | J17: X | K17: X | L17: X | M17: X | N17: X | O17: X | P17: X | Q17: X | R17: X
A18: COMPANY MAN B2 | B18: PROYECTO | C18: GESTIÓN DE PROYECTOS | D18: X | E18: X | F18: X | G18: X | H18: X | I18: X | J18: X | K18: X | L18: X | M18: X | N18: X | O18: X | P18: X | Q18: X | R18: X
A19: COMPANY MAN B3 | B19: PROYECTO | C19: GESTIÓN DE PROYECTOS | D19: X | E19: X | F19: X | G19: X | H19: X | I19: X | J19: X | K19: X | L19: X | M19: X | N19: X | O19: X | P19: X | Q19: X | R19: X

Sheet SEGUIMIENTO_PERSONAL
D1: PROGRAMA DE CAPACITACIÓN Y ENTRENAMIENTO ANUAL
A3: SE ASIGNA EL "P" SI DEBE RECIBIR EL TEMA SE ASIGNA EL "E" SI FUE EVALUADO SE PONDERA LA NOTA DE LA EVALUACIÓN DE 0 A 5 | D3: Fecha: 24/05/2023 Versión: 14 HSEQ-PRG-10
A6: LISTADO DE EMPLEADOS | J6: ='MATRIZ POR CARGO'!D3 -> 1 | N6: ='MATRIZ POR CARGO'!E3 -> 2 | R6: ='MATRIZ POR CARGO'!F3 -> 3 | V6: 4 | Z6: 5 | AD6: 6 | AH6: 7 | AL6: 8 | AP6: 9 | AT6: 10 | AX6: 11 | BB6: 12 | BF6: 13 | BJ6: 14 | BN6: 15 | BR6: 16
J7: =CRONOGRAMA!E10 -> Inducción y/o Reinducción HSEQ | N7: =CRONOGRAMA!E11 -> Induccion al cargo | R7: =CRONOGRAMA!E12 -> Inducción de Gestión Humana | V7: =CRONOGRAMA!E13 -> Primer Respondiente "Gente que Ayuda". | Z7: =CRONOGRAMA!E14 -> Seguridad Víal | AD7: =CRONOGRAMA!E15 -> Riesgo Publico & Derechos Humanos | AH7: SAGRILAFT | AL7: =CRONOGRAMA!E17 -> Excelencia_HSE | AP7: =CRONOGRAMA!E18 -> Salud Publica | AT7: =CRONOGRAMA!E19 -> Conservación y Cuidado del Medio Ambiente | AX7: =CRONOGRAMA!E20 -> Well control | BB7: =CRONOGRAMA!E21 -> Stuck Pipe/ Pega de Tuberías | BF7: =CRONOGRAMA!E22 -> Rig Pass | BJ7: =CRONOGRAMA!E23 -> Trabajo seguro en alturas: Jefes de área para trabajos en alturas. | BN7: =CRONOGRAMA!E24 -> HSEQ FRONTERA | BR7: =CRONOGRAMA!E25 -> Control del Trabajo Frontera
A8: N° | B8: AREA | C8: NOMBRE COMPLETO | D8: No. IDENTIFICACION | E8: CORREO ELECTRONICO | F8: CARGO | G8: TIPO DE EXAMEN | H8: FECHA PROXIMA DE EXAMEN | I8: ESTADO | J8: REQUIERE EVALUACIÓN? | L8: SI | M8: FECHA | N8: REQUIERE EVALUACIÓN? | P8: SI | Q8: FECHA | R8: REQUIERE EVALUACIÓN? | T8: SI | U8: FECHA | V8: REQUIERE EVALUACIÓN? | X8: NO | Y8: FECHA | Z8: REQUIERE EVALUACIÓN? | AB8: SI | AC8: FECHA | AD8: REQUIERE EVALUACIÓN? | AF8: SI | AG8: FECHA | AH8: REQUIERE EVALUACIÓN? | AJ8: SI | AK8: FECHA | AL8: REQUIERE EVALUACIÓN? | AN8: SI | AO8: FECHA | AP8: REQUIERE EVALUACIÓN? | AR8: SI | AS8: FECHA | AT8: REQUIERE EVALUACIÓN? | AV8: SI | AW8: FECHA | AX8: REQUIERE EVALUACIÓN? | AZ8: SI | BA8: FECHA | BB8: REQUIERE EVALUACIÓN? | BD8: SI | BE8: FECHA | BF8: REQUIERE EVALUACIÓN? | BH8: SI | BI8: FECHA | BJ8: REQUIERE EVALUACIÓN? | BL8: SI | BM8: FECHA | BN8: REQUIERE EVALUACIÓN? | BP8: SI | BQ8: FECHA | BR8: REQUIERE EVALUACIÓN? | BT8: SI | BU8: FECHA
J9: ESTADO | K9: RESULTADO | L9: CERTIFICADO DESCARGADO | M9: MES PROGRAMADO/EJECUTADO | N9: ESTADO | O9: RESULTADO | P9: CERTIFICADO DESCARGADO | Q9: MES PROGRAMADO/EJECUTADO | R9: ESTADO | S9: RESULTADO | T9: CERTIFICADO DESCARGADO | U9: MES PROGRAMADO/EJECUTADO | V9: ESTADO | W9: RESULTADO | X9: CERTIFICADO DESCARGADO | Y9: MES PROGRAMADO/EJECUTADO | Z9: ESTADO | AA9: RESULTADO | AB9: CERTIFICADO DESCARGADO | AC9: MES PROGRAMADO/EJECUTADO | AD9: ESTADO | AE9: RESULTADO | AF9: CERTIFICADO DESCARGADO | AG9: MES PROGRAMADO/EJECUTADO | AH9: ESTADO | AI9: RESULTADO | AJ9: CERTIFICADO DESCARGADO | AK9: MES PROGRAMADO/EJECUTADO | AL9: ESTADO | AM9: RESULTADO | AN9: CERTIFICADO DESCARGADO | AO9: MES PROGRAMADO/EJECUTADO | AP9: ESTADO | AQ9: RESULTADO | AR9: CERTIFICADO DESCARGADO | AS9: MES PROGRAMADO/EJECUTADO | AT9: ESTADO | AU9: RESULTADO | AV9: CERTIFICADO DESCARGADO | AW9: MES PROGRAMADO/EJECUTADO | AX9: ESTADO | AY9: RESULTADO | AZ9: CERTIFICADO DESCARGADO | BA9: MES PROGRAMADO/EJECUTADO | BB9: ESTADO | BC9: RESULTADO | BD9: CERTIFICADO DESCARGADO | BE9: MES PROGRAMADO/EJECUTADO | BF9: ESTADO | BG9: RESULTADO | BH9: CERTIFICADO DESCARGADO | BI9: MES PROGRAMADO/EJECUTADO | BJ9: ESTADO | BK9: RESULTADO | BL9: CERTIFICADO DESCARGADO | BM9: MES PROGRAMADO/EJECUTADO | BN9: ESTADO | BO9: RESULTADO | BP9: CERTIFICADO DESCARGADO | BQ9: MES PROGRAMADO/EJECUTADO | BR9: ESTADO | BS9: RESULTADO | BT9: CERTIFICADO DESCARGADO | BU9: MES PROGRAMADO/EJECUTADO
A10: 1 | B10: FRON | C10: ALBERTO VLADIMIR AMAYA ESPITIA | D10: 80095582 | E10: albertovladimir@gmail.com | F10: Company Man B2 | H10: 46260 | I10: Activo | J10: E | K10: 4.5 | L10: SI | M10: FEBRERO | N10: N/A | O10: N/A | P10: N/A | Q10: N/A | R10: E | S10: 4.5 | T10: SI | U10: FEBRERO | V10: N/A | W10: N/A | X10: N/A | Y10: N/A | Z10: E | AA10: 5 | AB10: SI | AC10: FEBRERO | AD10: E | AE10: 5 | AF10: SI | AG10: MARZO | AH10: E | AI10: 5 | AJ10: SI | AK10: JUNIO | AX10: N/A | AY10: N/A | AZ10: N/A | BA10: 46446 | BB10: N/A | BC10: N/A | BD10: N/A | BE10: 46632 | BF10: E | BG10: 5 | BH10: SI | BI10: 47909 | BJ10: E | BK10: 5 | BL10: SI | BM10: FEBRERO | BN10: E | BO10: 5 | BP10: SI | BQ10: 46413 | BR10: E | BS10: 5 | BT10: SI | BU10: JULIO | CB10: ENERO
A11: 2 | B11: FRON | C11: ALEXANDRA VANESSA GAMBA CAMARGO | D11: 1017129665 | E11: Alexandra.gamba@gmail.com | F11: Company Man B3 | H11: 46212 | I11: Retirado | J11: N/A | K11: N/A | L11: N/A | M11: JULIO | N11: N/A | O11: N/A | P11: N/A | Q11: N/A | R11: N/A | S11: N/A | T11: N/A | U11: JULIO | V11: N/A | W11: N/A | X11: N/A | Y11: N/A | Z11: E | AA11: 5 | AB11: SI | AC11: FEBRERO | AD11: E | AE11: 5 | AF11: SI | AG11: MARZO | AH11: N/A | AI11: N/A | AJ11: N/A | AK11: N/A | AX11: N/A | AY11: N/A | AZ11: N/A | BA11: 46487 | BB11: N/A | BC11: N/A | BD11: N/A | BE11: 46488 | BF11: N/A | BG11: N/A | BH11: N/A | BI11: MARZO | BJ11: N/A | BK11: N/A | BL11: N/A | BM11: N/A | BN11: E | BO11: 4.5 | BP11: SI | BQ11: 46436 | BR11: N/A | BS11: N/A | BT11: N/A | BU11: 46638 | CB11: FEBRERO
A12: 3 | B12: FRON | C12: ALVARO ANDRES RIVERA OLARTE | D12: 1079181735 | E12: albarxa@gmail.com | F12: Asistente D3 | H12: 46418 | I12: Retirado | J12: E | K12: 5 | L12: SI | M12: FEBRERO | N12: E | O12: 5 | P12: SI | Q12: FEBRERO | R12: E | S12: 4 | T12: SI | U12: FEBRERO | V12: E | W12: 5 | X12: SI | Y12: ABRIL | Z12: E | AA12: 5 | AB12: SI | AC12: FEBRERO | AD12: E | AE12: 5 | AF12: SI | AG12: MARZO | AH12: N/A | AI12: N/A | AJ12: N/A | AK12: N/A | AX12: N/A | AY12: N/A | AZ12: N/A | BA12: N/A | BB12: N/A | BC12: N/A | BD12: N/A | BE12: N/A | BF12: N/A | BG12: N/A | BH12: N/A | BI12: N/A | BJ12: E | BK12: 5 | BL12: SI | BM12: ABRIL | BN12: E | BO12: 4.5 | BP12: SI | BQ12: 46420 | BR12: E | BS12: 4.5 | BT12: SI | BU12: 46785 | CB12: MARZO
A13: 4 | B13: FRON | C13: ANDRES FELIPE CORREDOR ROA | D13: 1121924878 | E13: afcorredorr@gmail.com | F13: Asistente D3 | H13: 46414 | I13: Retirado | J13: E | K13: 5 | L13: SI | M13: FEBRERO | N13: E | O13: 5 | P13: SI | Q13: ENERO | R13: E | S13: 5 | T13: SI | U13: FEBRERO | V13: E | W13: 5 | X13: SI | Y13: ABRIL | Z13: E | AA13: 5 | AB13: SI | AC13: FEBRERO | AD13: E | AE13: 5 | AF13: SI | AG13: MARZO | AH13: N/A | AI13: N/A | AJ13: N/A | AK13: N/A | AX13: N/A | AY13: N/A | AZ13: N/A | BA13: N/A | BB13: N/A | BC13: N/A | BD13: N/A | BE13: N/A | BF13: N/A | BG13: N/A | BH13: N/A | BI13: N/A | BJ13: E | BK13: 5 | BL13: SI | BM13: FEBRERO | BN13: E | BO13: 4.5 | BP13: SI | BQ13: 46414 | BR13: E | BS13: 5 | BT13: SI | BU13: 46779 | CB13: ABRIL
A14: 5 | B14: FRON | C14: ANDRES FELIPE RIOS RODRIGUEZ | D14: 1075295138 | E14: afrr96@gmail.com | F14: Asistente Company Man D1 | H14: 46422 | I14: Retirado | J14: E | K14: 5 | L14: SI | M14: FEBRERO | N14: E | O14: 5 | P14: SI | Q14: FEBRERO | R14: E | S14: 5 | T14: SI | U14: FEBRERO | V14: E | W14: 5 | X14: SI | Y14: ABRIL | Z14: E | AA14: 5 | AB14: SI | AC14: FEBRERO | AD14: E | AE14: 5 | AF14: SI | AG14: MARZO | AH14: N/A | AI14: N/A | AJ14: N/A | AK14: N/A | AX14: N/A | AY14: N/A | AZ14: N/A | BA14: N/A | BB14: N/A | BC14: N/A | BD14: N/A | BE14: N/A | BF14: N/A | BG14: N/A | BH14: N/A | BI14: N/A | BJ14: E | BK14: 5 | BL14: SI | BM14: ABRIL | BN14: E | BO14: 5 | BP14: SI | BQ14: 46422 | BR14: E | BS14: 5 | BT14: SI | BU14: 46787 | CB14: MAYO
A15: 6 | B15: FRON | C15: ANGELICA MARIA GONZALEZ SANCHEZ | D15: 1098774228 | E15: ing.gonzalez.angelica@gmail.com | F15: Asistente Company Man D1 | H15: 46460 | I15: Activo | M15: OCTUBRE | N15: E | O15: 5 | P15: SI | Q15: MARZO | U15: OCTUBRE | V15: N/A | W15: N/A | X15: N/A | Y15: N/A | Z15: E | AA15: 5 | AB15: SI | AC15: FEBRERO | AD15: E | AE15: 5 | AF15: SI | AG15: MARZO | AH15: P | AK15: JULIO | AX15: N/A | AY15: N/A | AZ15: N/A | BA15: N/A | BB15: N/A | BC15: N/A | BD15: N/A | BE15: N/A | BF15: N/A | BG15: N/A | BH15: N/A | BI15: N/A | BJ15: N/A | BK15: N/A | BL15: N/A | BM15: N/A | BQ15: OCTUBRE | BU15: SEPTIEMBRE
A16: 7 | B16: FRON | C16: CAMILO ALBERTO PEREZ RUIZ | D16: 74083945 | E16: camiloalbertoperezruiz45@gmail.com | F16: Company Man B3 | H16: 46435 | I16: Retirado | J16: E | K16: 4.5 | L16: SI | M16: FEBRERO | N16: N/A | O16: N/A | P16: N/A | Q16: N/A | R16: E | S16: 4.5 | T16: SI | U16: FEBRERO | V16: N/A | W16: N/A | X16: N/A | Y16: N/A | Z16: E | AA16: 5 | AB16: SI | AC16: FEBRERO | AD16: E | AE16: 5 | AF16: SI | AG16: MARZO | AH16: N/A | AI16: N/A | AJ16: N/A | AK16: N/A | AX16: N/A | AY16: N/A | AZ16: N/A | BA16: 46432 | BB16: N/A | BC16: N/A | BD16: N/A | BE16: 46433 | BF16: N/A | BG16: N/A | BH16: N/A | BI16: 47520 | BJ16: N/A | BK16: N/A | BL16: N/A | BM16: NOVIEMBRE | BN16: E | BO16: 4.2 | BP16: SI | BQ16: 46472 | BR16: E | BS16: 4.5 | BT16: SI | BU16: 46838 | CB16: JULIO
A17: 8 | B17: FRON | C17: CANDIDA PATRICIA MARQUEZ BRUN | D17: 1035854640 | E17: candidapmb@gmail.com | F17: Asistente D1 | H17: 46379 | I17: Retirado | J17: E | K17: 5 | L17: SI | M17: ENERO | N17: E | O17: 5 | P17: SI | Q17: ENERO | R17: E | S17: 5 | T17: SI | U17: ENERO | V17: N/A | W17: N/A | X17: N/A | Y17: N/A | Z17: E | AA17: 5 | AB17: SI | AC17: FEBRERO | AD17: E | AE17: 5 | AF17: SI | AG17: MARZO | AH17: N/A | AI17: N/A | AJ17: N/A | AK17: N/A | AX17: N/A | AY17: N/A | AZ17: N/A | BA17: N/A | BB17: N/A | BC17: N/A | BD17: N/A | BE17: N/A | BF17: N/A | BG17: N/A | BH17: N/A | BI17: N/A | BJ17: N/A | BK17: N/A | BL17: N/A | BM17: SEPTIEMBRE | BN17: E | BO17: 5 | BP17: SI | BQ17: 46400 | BR17: E | BS17: 4.5 | BT17: SI | BU17: 46765 | CB17: AGOSTO
A18: 9 | B18: FRON | C18: CARLOS JOSE RODRIGUEZ RODRIGUEZ | D18: 1054678905 | E18: carlosrodriguez_r@hotmail.es | F18: Company Man B2 | H18: 46423 | I18: Activo | J18: E | K18: 4 | L18: SI | M18: ENERO | N18: N/A | O18: N/A | P18: N/A | Q18: N/A | R18: E | S18: 4.5 | T18: SI | U18: ENERO | V18: N/A | W18: N/A | X18: N/A | Y18: N/A | Z18: E | AA18: 5 | AB18: SI | AC18: FEBRERO | AD18: E | AE18: 5 | AF18: SI | AG18: MARZO | AH18: E | AI18: 5 | AJ18: SI | AK18: JUNIO | BA18: DICIEMBRE | BE18: DICIEMBRE | BF18: N/A | BG18: N/A | BH18: N/A | BI18: 46732 | BJ18: N/A | BK18: N/A | BL18: N/A | BM18: N/A | BQ18: OCTUBRE | BR18: E | BS18: 4.5 | BT18: SI | BU18: JULIO | CB18: SEPTIEMBRE
A19: 10 | B19: FRON | C19: CARLOS MARIO HIGUITA BEDOYA | D19: 98644693 | E19: higuita1977@yahoo.es | F19: Company Man A2_Day | H19: 46456 | I19: Inactivo | J19: E | K19: 5 | L19: SI | M19: FEBRERO | N19: N/A | O19: N/A | P19: N/A | Q19: N/A | R19: E | S19: 5 | T19: SI | U19: FEBRERO | V19: N/A | W19: N/A | X19: N/A | Y19: N/A | Z19: E | AA19: 5 | AB19: SI | AC19: FEBRERO | AD19: E | AE19: 5 | AF19: SI | AG19: MARZO | AH19: P | AK19: JULIO | BA19: NOVIEMBRE | BB19: N/A | BC19: N/A | BD19: N/A | BE19: 46461 | BF19: E | BG19: 5 | BH19: SI | BI19: 47909 | BJ19: N/A | BK19: N/A | BL19: N/A | BM19: N/A | BN19: E | BO19: 5 | BP19: SI | BQ19: 46417 | BR19: E | BS19: 5 | BT19: SI | BU19: 46782 | CB19: OCTUBRE
A20: 11 | B20: FRON | C20: DANIEL ALFONSO CELMA HIDALGO | D20: CE 361.804 | E20: danielcelma@hotmail.com | F20: Company Man B2 | H20: 46408 | I20: Retirado | J20: E | K20: 5 | L20: SI | M20: ENERO | N20: N/A | O20: N/A | P20: N/A | Q20: N/A | R20: E | S20: 4 | T20: SI | U20: ENERO | V20: E | W20: 5 | X20: SI | Y20: ABRIL | Z20: E | AA20: 5 | AB20: SI | AC20: FEBRERO | AD20: E | AE20: 5 | AF20: SI | AG20: MARZO | AH20: N/A | AI20: N/A | AJ20: N/A | AK20: N/A | AX20: N/A | AY20: N/A | AZ20: N/A | BA20: OCTUBRE | BB20: N/A | BC20: N/A | BD20: N/A | BE20: 46762 | BF20: N/A | BG20: N/A | BH20: N/A | BI20: 47863 | BJ20: E | BK20: 5 | BL20: SI | BM20: FEBRERO | BN20: E | BO20: 4.5 | BP20: SI | BQ20: 46407 | BR20: E | BS20: 4.5 | BT20: SI | BU20: 46772 | CB20: NOVIEMBRE
A21: 12 | B21: FRON | C21: DANIEL RAMIREZ SANCHEZ | D21: 80794172 | E21: danielramirezsanchez@hotmail.com | F21: Company Man B1 | H21: 46554 | I21: Activo | J21: E | K21: 5 | L21: SI | M21: JUNIO | N21: N/A | O21: N/A | P21: N/A | Q21: N/A | R21: E | S21: 4.5 | T21: SI | U21: JUNIO | V21: N/A | W21: N/A | X21: N/A | Y21: N/A | Z21: E | AA21: 5 | AB21: SI | AC21: FEBRERO | AD21: E | AE21: 5 | AF21: SI | AG21: MARZO | AH21: P | AK21: JULIO | AX21: N/A | AY21: N/A | AZ21: N/A | BA21: 46635 | BB21: N/A | BC21: N/A | BD21: N/A | BE21: 46566 | BF21: N/A | BG21: N/A | BH21: N/A | BI21: 47135 | BJ21: N/A | BK21: N/A | BL21: N/A | BM21: N/A | BN21: E | BO21: 5 | BP21: SI | BQ21: 46492 | BR21: E | BS21: 5 | BT21: SI | BU21: 46807 | CB21: DICIEMBRE
A22: 13 | B22: FRON | C22: DARIO ALEXANDER POMARE ORTEGA | D22: 1019133012 | E22: dariopomare20@gmail.com | F22: Asistente Company Man D1 | H22: 46406 | I22: Activo | J22: E | K22: 5 | L22: SI | M22: ENERO | N22: E | O22: 5 | P22: SI | Q22: ENERO | R22: E | S22: 4 | T22: SI | U22: ENERO | V22: N/A | W22: N/A | X22: N/A | Y22: N/A | Z22: E | AA22: 5 | AB22: SI | AC22: FEBRERO | AD22: E | AE22: 5 | AF22: SI | AG22: MARZO | AH22: E | AI22: 5 | AJ22: SI | AK22: JUNIO | AX22: N/A | AY22: N/A | AZ22: N/A | BA22: N/A | BB22: N/A | BC22: N/A | BD22: N/A | BE22: N/A | BF22: N/A | BG22: N/A | BH22: N/A | BI22: N/A | BJ22: N/A | BK22: N/A | BL22: N/A | BM22: N/A | BN22: E | BO22: 5 | BP22: SI | BQ22: 46406 | BR22: E | BS22: 5 | BT22: SI | BU22: 46771
A23: 14 | B23: FRON | C23: DIEGO ALEJANDRO ACUÑA QUINTERO | D23: 1019152161 | E23: dacua8@gmail.com | F23: Asistente D3 | H23: 46407 | I23: Retirado | J23: E | K23: 5 | L23: SI | M23: ENERO | N23: E | O23: 5 | P23: SI | Q23: ENERO | R23: E | S23: 5 | T23: SI | U23: ENERO | V23: N/A | W23: N/A | X23: N/A | Y23: N/A | Z23: E | AA23: 5 | AB23: SI | AC23: FEBRERO | AD23: E | AE23: 5 | AF23: SI | AG23: MARZO | AH23: N/A | AI23: N/A | AJ23: N/A | AK23: N/A | AX23: N/A | AY23: N/A | AZ23: N/A | BA23: N/A | BB23: N/A | BC23: N/A | BD23: N/A | BE23: N/A | BF23: N/A | BG23: N/A | BH23: N/A | BI23: N/A | BJ23: N/A | BK23: N/A | BL23: N/A | BM23: SEPTIEMBRE | BN23: E | BO23: 5 | BP23: SI | BQ23: 46408 | BR23: E | BS23: 4.5 | BT23: SI | BU23: 46773
A24: 15 | B24: FRON | C24: FARLEY GARCÍA OSORIO | D24: 75079902 | E24: farleygarciao@gmail.com | F24: Company Man A2_Day | H24: 46420 | I24: Inactivo | J24: E | K24: 4.5 | L24: SI | M24: ENERO | N24: N/A | O24: N/A | P24: N/A | Q24: N/A | R24: E | S24: 4.5 | T24: SI | U24: ENERO | V24: E | W24: 5 | X24: SI | Y24: ABRIL | Z24: E | AA24: 5 | AB24: SI | AC24: FEBRERO | AD24: E | AE24: 4.5 | AF24: SI | AG24: MARZO | AH24: E | AI24: 5 | AJ24: SI | AK24: JUNIO | AX24: E | AY24: 5 | AZ24: SI | BA24: 46789 | BB24: E | BC24: 5 | BD24: SI | BE24: 46790 | BF24: E | BG24: 5 | BH24: SI | BI24: 47898 | BJ24: E | BK24: 5 | BL24: SI | BM24: FEBRERO | BN24: E | BO24: 5 | BP24: SI | BQ24: 46418 | BR24: E | BS24: 5 | BT24: SI | BU24: 46783
A25: 16 | B25: FRON | C25: FLAVIA VANESSA PEREZ BARROS | D25: 1082898312 | E25: flavia.perezb@hotmail.com | F25: Company Woman C2_Day | H25: 46491 | I25: Retirado | J25: E | K25: 5 | L25: SI | M25: MARZO | N25: N/A | O25: N/A | P25: N/A | Q25: N/A | R25: E | S25: 5 | T25: SI | U25: MARZO | V25: N/A | W25: N/A | X25: N/A | Y25: N/A | Z25: E | AA25: 5 | AB25: SI | AC25: FEBRERO | AD25: E | AE25: 5 | AF25: SI | AG25: MARZO | AH25: N/A | AI25: N/A | AJ25: N/A | AK25: N/A | AX25: E | AY25: 5 | AZ25: SI | BA25: 46860 | BB25: N/A | BC25: N/A | BD25: N/A | BE25: 46482 | BF25: N/A | BG25: N/A | BH25: N/A | BI25: 47632 | BJ25: E | BK25: 5 | BL25: SI | BM25: FEBRERO | BN25: E | BO25: 5 | BP25: SI | BQ25: 46460 | BR25: N/A | BS25: N/A | BT25: N/A | BU25: 46416
A26: 17 | B26: FRON | C26: GILBERTO RUBIANO QUIROGA | D26: 83168382 | E26: gilbertorubiano@yahoo.com | F26: Company Man B1_Day | H26: 46228 | I26: Activo | J26: E | K26: 5 | L26: SI | M26: JUNIO | N26: N/A | O26: N/A | P26: N/A | Q26: N/A | R26: E | S26: 5 | T26: SI | U26: JUNIO | V26: N/A | W26: N/A | X26: N/A | Y26: N/A | Z26: E | AA26: 5 | AB26: SI | AC26: FEBRERO | AD26: E | AE26: 5 | AF26: SI | AG26: MARZO | AH26: E | AI26: 5 | AJ26: SI | AK26: JULIO | BA26: OCTUBRE | BB26: N/A | BC26: N/A | BD26: N/A | BE26: 46677 | BF26: E | BG26: 5 | BH26: SI | BI26: 47912 | BJ26: N/A | BK26: N/A | BL26: N/A | BM26: N/A | BN26: E | BO26: 5 | BP26: SI | BQ26: 46412 | BR26: N/A | BS26: N/A | BT26: N/A | BU26: 46417
A27: 18 | B27: FRON | C27: JESSICA PAOLA MOSQUERA LOZANO | D27: 1075213439 | E27: jeshika.mosquera@outlook.es | F27: Asistente D1 | H27: 46415 | I27: Retirado | J27: E | K27: 5 | L27: SI | M27: FEBRERO | N27: E | O27: 5 | P27: SI | Q27: FEBRERO | R27: E | S27: 5 | T27: SI | U27: FEBRERO | V27: N/A | W27: N/A | X27: N/A | Y27: N/A | Z27: E | AA27: 5 | AB27: SI | AC27: FEBRERO | AD27: E | AE27: 5 | AF27: SI | AG27: MARZO | AH27: N/A | AI27: N/A | AJ27: N/A | AK27: N/A | AX27: E | AY27: 5 | AZ27: SI | BA27: 46867 | BB27: N/A | BC27: N/A | BD27: N/A | BE27: N/A | BF27: N/A | BG27: N/A | BH27: N/A | BI27: N/A | BJ27: N/A | BK27: N/A | BL27: N/A | BM27: SEPTIEMBRE | BQ27: AGOSTO | BR27: N/A | BS27: N/A | BT27: N/A | BU27: 46434
A28: 19 | B28: FRON | C28: JHON CAMILO ARDILA ROJAS | D28: 1233890099 | E28: 7.camiloardila@gmail.com | F28: Asistente D2 | H28: 46409 | I28: Retirado | J28: E | K28: 5 | L28: SI | M28: ENERO | N28: E | O28: 5 | P28: SI | Q28: ENERO | R28: E | S28: 4 | T28: SI | U28: ENERO | V28: N/A | W28: N/A | X28: N/A | Y28: N/A | Z28: E | AA28: 5 | AB28: SI | AC28: FEBRERO | AD28: E | AE28: 4.5 | AF28: SI | AG28: MARZO | AH28: N/A | AI28: N/A | AJ28: N/A | AK28: N/A | AX28: N/A | AY28: N/A | AZ28: N/A | BA28: N/A | BB28: N/A | BC28: N/A | BD28: N/A | BE28: N/A | BF28: N/A | BG28: N/A | BH28: N/A | BI28: N/A | BJ28: N/A | BK28: N/A | BL28: N/A | BM28: SEPTIEMBRE | BN28: E | BO28: 4.5 | BP28: SI | BQ28: 46410 | BR28: E | BS28: 4.5 | BT28: SI | BU28: 46775
A29: 20 | B29: FRON | C29: JONATHAN RAMIREZ ALVARADO | D29: 1018408231 | E29: jonathan.ramirez.alvarado@outlook.com | F29: Company Man B3_Night | H29: 46219 | I29: Retirado | J29: E | K29: 5 | L29: SI | M29: ENERO | N29: N/A | O29: N/A | P29: N/A | Q29: N/A | R29: E | S29: 5 | T29: SI | U29: ENERO | V29: N/A | W29: N/A | X29: N/A | Y29: N/A | Z29: E | AA29: 5 | AB29: SI | AC29: FEBRERO | AD29: E | AE29: 5 | AF29: SI | AG29: MARZO | AH29: N/A | AI29: N/A | AJ29: N/A | AK29: N/A | AX29: N/A | AY29: N/A | AZ29: N/A | BA29: 46704 | BB29: N/A | BC29: N/A | BD29: N/A | BE29: 46540 | BF29: N/A | BG29: N/A | BH29: N/A | BI29: N/A | BJ29: N/A | BK29: N/A | BL29: N/A | BM29: ENERO | BN29: E | BO29: 5 | BP29: SI | BQ29: 46411 | BR29: E | BS29: 4.5 | BT29: SI | BU29: 46776
A30: 21 | B30: FRON | C30: JUAN DAVID ROBLES PIRE | D30: 1017222178 | E30: jdroblesp@unal.edu.co | F30: Asistente company D2 | H30: 46367 | I30: Retirado | J30: E | K30: 4.5 | L30: SI | M30: FEBRERO | N30: N/A | O30: N/A | P30: N/A | Q30: N/A | R30: E | S30: 4.5 | T30: SI | U30: FEBRERO | V30: N/A | W30: N/A | X30: N/A | Y30: N/A | Z30: E | AA30: 5 | AB30: SI | AC30: FEBRERO | AD30: E | AE30: 5 | AF30: SI | AG30: MARZO | AH30: N/A | AI30: N/A | AJ30: N/A | AK30: N/A | AX30: N/A | AY30: N/A | AZ30: N/A | BA30: N/A | BB30: N/A | BC30: N/A | BD30: N/A | BE30: N/A | BF30: N/A | BG30: N/A | BH30: N/A | BI30: N/A | BJ30: N/A | BK30: N/A | BL30: N/A | BM30: SEPTIEMBRE | BN30: E | BO30: 5 | BP30: SI | BQ30: 46416 | BR30: N/A | BS30: N/A | BT30: N/A | BU30: 46418
A31: 22 | B31: FRON | C31: JUAN SEBASTIAN VARGAS DAVILA | D31: 1015997405 | E31: juanse774@hotmail.com | F31: Company Man B1_Day | H31: 46397 | I31: Retirado | J31: E | K31: 4.5 | L31: SI | M31: FEBRERO | N31: N/A | O31: N/A | P31: N/A | Q31: N/A | R31: E | S31: 4 | T31: SI | U31: FEBRERO | V31: N/A | W31: N/A | X31: N/A | Y31: N/A | Z31: E | AA31: 5 | AB31: SI | AC31: FEBRERO | AD31: E | AE31: 5 | AF31: SI | AG31: MARZO | AH31: N/A | AI31: N/A | AJ31: N/A | AK31: N/A | AX31: N/A | AY31: N/A | AZ31: N/A | BA31: 46655 | BB31: N/A | BC31: N/A | BD31: N/A | BE31: 46461 | BF31: N/A | BG31: N/A | BH31: N/A | BI31: 47660 | BJ31: N/A | BK31: N/A | BL31: N/A | BM31: AGOSTO | BN31: E | BO31: 4.5 | BP31: SI | BQ31: 46413 | BR31: N/A | BS31: N/A | BT31: N/A | BU31: 46390
A32: 23 | B32: FRON | C32: JULIAN DAVID NIETO ALVAREZ | D32: 1075276712 | E32: juliandavn@gmail.com | F32: Asistente D1 | H32: 46414 | I32: Retirado | J32: E | K32: 4.5 | L32: SI | M32: ENERO | N32: E | O32: 5 | P32: SI | Q32: ENERO | R32: E | S32: 4.5 | T32: SI | U32: ENERO | V32: E | W32: 5 | X32: SI | Y32: ABRIL | Z32: E | AA32: 5 | AB32: SI | AC32: FEBRERO | AD32: E | AE32: 5 | AF32: SI | AG32: MARZO | AH32: N/A | AI32: N/A | AJ32: N/A | AK32: N/A | AX32: N/A | AY32: N/A | AZ32: N/A | BA32: N/A | BB32: N/A | BC32: N/A | BD32: N/A | BE32: N/A | BF32: N/A | BG32: N/A | BH32: N/A | BI32: N/A | BJ32: E | BK32: 5 | BL32: SI | BM32: FEBRERO | BN32: E | BO32: 5 | BP32: SI | BQ32: 46413 | BR32: E | BS32: 4.5 | BT32: SI | BU32: 46778
A33: 24 | B33: FRON | C33: LADY JOHANNA OROZCO ORTIZ | D33: 53105775 | E33: ladyjohannaorozcoortiz@outlook.com | F33: Company Man B2 | H33: 46420 | I33: Inactivo | J33: E | K33: 5 | L33: SI | M33: FEBRERO | N33: N/A | O33: N/A | P33: N/A | Q33: N/A | R33: E | S33: 4.5 | T33: SI | U33: FEBRERO | V33: E | W33: 5 | X33: SI | Y33: MAYO | Z33: E | AA33: 5 | AB33: SI | AC33: FEBRERO | AD33: E | AE33: 5 | AF33: SI | AG33: MARZO | AH33: E | AI33: 4.5 | AJ33: SI | AK33: JUNIO | AX33: E | AY33: 5 | AZ33: SI | BA33: 46789 | BB33: E | BC33: 5 | BD33: SI | BE33: 46790 | BF33: E | BG33: 5 | BH33: SI | BI33: 47954 | BJ33: E | BK33: 5 | BL33: SI | BM33: ABRIL | BN33: E | BO33: 5 | BP33: SI | BQ33: 46420 | BR33: E | BS33: 5 | BT33: SI | BU33: 46785
A34: 25 | B34: FRON | C34: MARIA DEL PILAR GOMEZ MORA | D34: 1075248439 | E34: mdpgomezm@gmail.com | F34: Company Woman C2_Day | H34: 46407 | I34: Retirado | J34: E | K34: 5 | L34: SI | M34: ENERO | N34: N/A | O34: N/A | P34: N/A | Q34: N/A | R34: E | S34: 4.5 | T34: SI | U34: ENERO | V34: N/A | W34: N/A | X34: N/A | Y34: N/A | Z34: E | AA34: 5 | AB34: SI | AC34: FEBRERO | AD34: E | AE34: 5 | AF34: SI | AG34: MARZO | AH34: N/A | AI34: N/A | AJ34: N/A | AK34: N/A | AX34: E | AY34: 5 | AZ34: SI | BA34: 46761 | BB34: E | BC34: 5 | BE34: 46741 | BF34: E | BG34: 5 | BH34: SI | BI34: 47863 | BJ34: N/A | BK34: N/A | BL34: N/A | BM34: 46437 | BN34: E | BO34: 4.5 | BP34: SI | BQ34: 46406 | BR34: E | BS34: 4.5 | BT34: SI | BU34: 46771
A35: 26 | B35: FRON | C35: MARIA VICTORIA MEDINA ANDRADE | D35: 1075250696 | E35: vicomedina1212@gmail.com | F35: Company Woman C2_Day | H35: 46516 | I35: Retirado | J35: E | K35: 5 | L35: SI | M35: FEBRERO | N35: N/A | O35: N/A | P35: N/A | Q35: N/A | R35: E | S35: 4.5 | T35: SI | U35: FEBRERO | V35: N/A | W35: N/A | X35: N/A | Y35: N/A | Z35: E | AA35: 5 | AB35: SI | AC35: FEBRERO | AD35: E | AE35: 5 | AF35: SI | AG35: MARZO | AH35: N/A | AI35: N/A | AJ35: N/A | AK35: N/A | AL35: N/A | AM35: N/A | AN35: N/A | AP35: N/A | AQ35: N/A | AR35: N/A | AT35: N/A | AU35: N/A | AV35: N/A | AX35: N/A | AY35: N/A | AZ35: N/A | BA35: 46439 | BB35: N/A | BC35: N/A | BD35: N/A | BE35: N/A | BF35: N/A | BG35: N/A | BH35: N/A | BI35: N/A | BJ35: N/A | BK35: N/A | BL35: N/A | BM35: DICIEMBRE | BN35: E | BO35: 4.5 | BP35: SI | BQ35: 46421 | BR35: E | BS35: 5 | BT35: SI | BU35: 46786
A36: 27 | B36: FRON | C36: MAURICIO ALEJANDRO CALVO RODRIGUEZ | D36: 79729680 | E36: recalvo1976@gmail.com | F36: Company Man B3 | H36: 46259 | I36: Activo | J36: E | K36: 5 | L36: SI | M36: JUNIO | N36: N/A | O36: N/A | P36: N/A | Q36: N/A | R36: E | S36: 4.5 | T36: SI | U36: JUNIO | V36: N/A | W36: N/A | X36: N/A | Y36: N/A | Z36: E | AA36: 5 | AB36: SI | AC36: FEBRERO | AD36: E | AE36: 5 | AF36: SI | AG36: MARZO | AH36: E | AI36: 5 | AJ36: SI | AK36: JUNIO | AX36: E | AY36: 5 | AZ36: SI | BA36: 46902 | BB36: E | BC36: 5 | BD36: SI | BE36: 46868 | BF36: N/A | BG36: N/A | BH36: SI | BI36: 46443 | BJ36: N/A | BK36: N/A | BL36: N/A | BM36: N/A | BN36: E | BO36: 5 | BP36: SI | BQ36: 46528 | BR36: E | BS36: 5 | BT36: SI | BU36: 46894
A37: 28 | B37: FRON | C37: NICOLAS FELIPE VALENZUELA CASTRO | D37: 80792740 | E37: nf.nicolas@gmail.com | F37: Company Man B1 | H37: 46391 | I37: Retirado | J37: E | K37: 5 | L37: SI | M37: FEBRERO | N37: N/A | O37: N/A | P37: N/A | Q37: N/A | R37: E | S37: 4.0 | T37: SI | U37: FEBRERO | V37: N/A | W37: N/A | X37: N/A | Y37: N/A | Z37: E | AA37: 5 | AB37: SI | AC37: FEBRERO | AD37: E | AE37: 5 | AF37: SI | AG37: MARZO | AH37: N/A | AI37: N/A | AJ37: N/A | AK37: N/A | AX37: N/A | AY37: N/A | AZ37: N/A | BA37: 46705 | BB37: N/A | BC37: N/A | BD37: N/A | BE37: SEPTIEMBRE | BF37: N/A | BG37: N/A | BH37: N/A | BI37: 47646 | BJ37: N/A | BK37: N/A | BL37: N/A | BM37: AGOSTO | BN37: E | BO37: 5 | BP37: SI | BQ37: 46443 | BR37: N/A | BS37: N/A | BT37: N/A | BU37: 46493
A38: 29 | B38: FRON | C38: OSWALDO JUNIOR SILVA MONROY | D38: 79907285 | E38: oilsilva@yahoo.com.ar | F38: Company Man B1 | H38: 46422 | I38: Retirado | J38: E | K38: 4.5 | L38: SI | M38: FEBRERO | N38: N/A | O38: N/A | P38: N/A | Q38: N/A | R38: E | S38: 5 | T38: SI | U38: FEBRERO | V38: E | W38: 5 | X38: SI | Y38: ABRIL | Z38: E | AA38: 5 | AB38: SI | AC38: FEBRERO | AD38: E | AE38: 5 | AF38: SI | AG38: MARZO | AH38: N/A | AI38: N/A | AJ38: N/A | AK38: N/A | BA38: OCTUBRE | BB38: E | BC38: 5 | BD38: SI | BE38: 46790 | BF38: E | BG38: 5 | BH38: SI | BI38: 47884 | BJ38: E | BK38: 5 | BL38: SI | BM38: FEBRERO | BN38: E | BO38: 5 | BP38: SI | BQ38: 46441 | BR38: E | BS38: 4.5 | BT38: SI | BU38: 46790
A39: 30 | B39: FRON | C39: OVIDIO ANDREZ GOMEZ RODRIGUEZ | D39: 1098728440 | E39: ovidioandresgomez@gmail.com | F39: Company Man B2 | H39: 46269 | I39: Activo | J39: E | K39: 5 | L39: SI | M39: ENERO | N39: N/A | O39: N/A | P39: N/A | Q39: N/A | R39: E | S39: 5 | T39: SI | U39: ENERO | V39: N/A | W39: N/A | X39: N/A | Y39: N/A | Z39: E | AA39: 5 | AB39: SI | AC39: FEBRERO | AD39: E | AE39: 5 | AF39: SI | AG39: MARZO | AH39: E | AI39: 4.5 | AJ39: SI | AK39: JUNIO | AX39: N/A | AY39: N/A | AZ39: N/A | BA39: 46639 | BB39: N/A | BC39: N/A | BD39: N/A | BE39: 46461 | BF39: N/A | BG39: N/A | BH39: N/A | BI39: 47750 | BJ39: N/A | BK39: N/A | BL39: N/A | BM39: N/A | BN39: E | BO39: 5 | BP39: SI | BQ39: 46414 | BR39: E | BS39: 4.5 | BT39: SI | BU39: 46780
A40: 31 | B40: FRON | C40: SAMUEL ALEJANDRO NARANJO LEGUIZAMON | D40: 1013602713 | E40: samuel.alejo07@gmail.com | F40: Company Man B1 | H40: 46214 | I40: Retirado | J40: N/A | K40: N/A | L40: N/A | M40: JULIO | N40: N/A | O40: N/A | P40: N/A | Q40: N/A | R40: N/A | S40: N/A | T40: N/A | U40: JULIO | V40: N/A | W40: N/A | X40: N/A | Y40: N/A | Z40: E | AA40: 5 | AB40: SI | AC40: FEBRERO | AD40: E | AE40: 5 | AF40: SI | AG40: MARZO | AH40: N/A | AI40: N/A | AJ40: N/A | AK40: N/A | AX40: E | AY40: 5 | AZ40: SI | BA40: 46796 | BB40: E | BC40: 5 | BD40: SI | BE40: 46817 | BF40: N/A | BG40: N/A | BH40: N/A | BI40: 47618 | BJ40: N/A | BK40: N/A | BL40: N/A | BM40: JUNIO | BN40: E | BO40: 5 | BP40: SI | BQ40: 46412 | BR40: N/A | BS40: N/A | BT40: N/A | BU40: 46410
A41: 32 | B41: FRON | C41: WILMAN ENRIQUE ALVAREZ QUIROZ | D41: 1098712563 | E41: wilman.alvarez1@hotmail.com | F41: Asistente company D1 | H41: 46362 | I41: Retirado | J41: N/A | K41: N/A | L41: N/A | M41: DICIEMBRE | N41: N/A | O41: N/A | P41: N/A | Q41: N/A | R41: N/A | S41: N/A | T41: N/A | U41: DICIEMBRE | V41: E | W41: 5 | X41: SI | Y41: FEBRERO | Z41: E | AA41: 5 | AB41: SI | AC41: FEBRERO | AD41: E | AE41: 5 | AF41: SI | AG41: MARZO | AH41: N/A | AI41: N/A | AJ41: N/A | AK41: N/A | AX41: N/A | AY41: N/A | AZ41: N/A | BA41: N/A | BB41: N/A | BC41: N/A | BD41: N/A | BE41: N/A | BF41: N/A | BG41: N/A | BH41: N/A | BI41: N/A | BJ41: N/A | BK41: N/A | BL41: N/A | BM41: NOVIEMBRE | BP41: N/A | BQ41: JULIO | BR41: N/A | BS41: N/A | BT41: N/A | BU41: 46424
A42: 33 | B42: FRON | C42: LUIS FERNANDO PARRA GIL | D42: 71420827 | E42: Lfparragil@hotmail.com | F42: Company Man A2 | H42: 46312 | I42: Activo | J42: E | K42: 5 | L42: SI | M42: FEBRERO | N42: N/A | O42: N/A | P42: N/A | Q42: N/A | R42: E | S42: 5 | T42: SI | U42: FEBRERO | V42: E | W42: 5 | X42: SI | Y42: ABRIL | Z42: E | AA42: 5 | AB42: SI | AC42: FEBRERO | AD42: E | AE42: 5 | AF42: SI | AG42: MARZO | AH42: E | AI42: 5 | AJ42: SI | AK42: JUNIO | AX42: E | AY42: 5 | AZ42: SI | BA42: 46810 | BB42: N/A | BC42: N/A | BD42: N/A | BE42: 46503 | BF42: N/A | BG42: N/A | BH42: N/A | BI42: 46821 | BJ42: N/A | BK42: N/A | BL42: N/A | BM42: N/A | BN42: E | BO42: 5 | BP42: SI | BQ42: 46489 | BR42: E | BS42: 4.5 | BT42: SI | BU42: 46908
A43: 34 | B43: FRON | C43: OSCAR JAVIER PIRAGUA MENESES | D43: 5829529 | E43: opiragua@gmail.com | F43: Company Man B1 | H43: 46428 | I43: Inactivo | J43: E | K43: 5 | L43: SI | M43: FEBRERO | N43: N/A | O43: N/A | P43: N/A | Q43: N/A | R43: E | S43: 5 | T43: SI | U43: FEBRERO | V43: E | W43: 5 | X43: SI | Y43: FEBRERO | Z43: E | AA43: 5 | AB43: SI | AC43: FEBRERO | AD43: E | AE43: 5 | AF43: SI | AG43: MARZO | AH43: E | AI43: 5 | AJ43: SI | AK43: JUNIO | AX43: N/A | AY43: N/A | AZ43: N/A | BA43: 46670 | BB43: E | BC43: 5 | BD43: SI | BE43: 46797 | BF43: E | BG43: 5 | BH43: SI | BI43: 47891 | BJ43: E | BK43: 5 | BL43: SI | BM43: FEBRERO | BN43: E | BO43: 5 | BP43: SI | BQ43: 46430 | BR43: E | BS43: 5 | BT43: SI | BU43: 46795
A44: 35 | B44: FRON | C44: MIGUEL ALBERTO VELASQUEZ OSMA | D44: 91541046 | E44: miguel12820@msn.com | F44: Company Man B2 | H44: 46435 | I44: Activo | J44: E | K44: 5 | L44: SI | M44: FEBRERO | N44: N/A | O44: N/A | P44: N/A | Q44: N/A | R44: E | S44: 5 | T44: SI | U44: FEBRERO | V44: E | W44: 5 | X44: SI | Y44: ABRIL | Z44: E | AA44: 5 | AB44: SI | AC44: FEBRERO | AD44: E | AE44: 5 | AF44: SI | AG44: MARZO | AH44: E | AI44: 5 | AJ44: SI | AK44: JULIO | AX44: N/A | AY44: N/A | AZ44: N/A | BA44: 46690 | BE44: JULIO | BF44: E | BG44: 5 | BH44: SI | BI44: JULIO | BJ44: E | BK44: 5 | BL44: SI | BM44: FEBRERO | BN44: E | BO44: 5 | BP44: SI | BQ44: 46441 | BR44: E | BS44: 5 | BT44: SI | BU44: 46806
A45: 36 | B45: FRON | C45: MARIA MONICA SIERRA CESPEDES | D45: 1121913534 | E45: mariamonicasc@hotmail.com | F45: Asistente Company Man D1 | H45: 46445 | I45: Retirado | J45: E | K45: 5 | L45: SI | M45: FEBRERO | N45: E | O45: 5 | P45: SI | Q45: ENERO | R45: E | S45: 5 | T45: SI | U45: FEBRERO | V45: N/A | W45: N/A | X45: N/A | Y45: N/A | Z45: N/A | AA45: N/A | AB45: N/A | AC45: N/A | AD45: E | AE45: 5 | AF45: SI | AG45: MARZO | AH45: E | AI45: 5 | AJ45: SI | AK45: JUNIO | AX45: N/A | AY45: N/A | AZ45: N/A | BA45: N/A | BB45: N/A | BC45: N/A | BD45: N/A | BE45: N/A | BF45: N/A | BG45: N/A | BH45: N/A | BI45: N/A | BJ45: N/A | BK45: N/A | BL45: N/A | BM45: N/A | BN45: E | BO45: 4.7 | BP45: SI | BQ45: 46445 | BR45: E | BS45: 5 | BT45: SI | BU45: 46811
A46: 37 | B46: FRON | C46: LUIS FERNANDO GUTIERREZ VILLAMIL | D46: 74240902 | E46: polislickline@gmail.com | F46: Especialista | H46: 46519 | I46: Activo | J46: E | K46: 5 | L46: SI | M46: MARZO | N46: N/A | O46: N/A | P46: N/A | Q46: N/A | R46: E | S46: 5 | T46: SI | U46: MARZO | V46: N/A | W46: N/A | X46: N/A | Y46: N/A | Z46: E | AA46: 5 | AB46: SI | AC46: FEBRERO | AD46: E | AE46: 5 | AF46: SI | AG46: MARZO | AH46: E | AI46: 5 | AJ46: SI | AK46: JUNIO | AX46: N/A | AY46: N/A | AZ46: N/A | BA46: N/A | BB46: N/A | BC46: N/A | BD46: N/A | BE46: N/A | BF46: N/A | BG46: N/A | BH46: N/A | BI46: N/A | BJ46: N/A | BK46: N/A | BL46: N/A | BM46: N/A | BN46: E | BO46: 4.2 | BP46: SI | BQ46: 46463 | BR46: E | BS46: 4.5 | BT46: SI | BU46: 46936
A47: 38 | B47: FRON | C47: SILVIA JULIANA FLETCHER PEÑA | D47: 1098801262 | E47: sjulianafletcher@gmail.com | F47: Asistente Company Man D2 | H47: 46467 | I47: Activo | J47: E | K47: 5 | L47: SI | M47: MARZO | N47: E | O47: 5 | P47: SI | Q47: MARZO | R47: E | S47: 5 | T47: SI | U47: MARZO | V47: E | W47: 5 | X47: SI | Y47: MARZO | Z47: N/A | AA47: N/A | AB47: N/A | AC47: N/A | AD47: N/A | AE47: N/A | AF47: N/A | AG47: N/A | AH47: E | AI47: 5 | AJ47: SI | AK47: JUNIO | AX47: N/A | AY47: N/A | AZ47: N/A | BA47: N/A | BB47: N/A | BC47: N/A | BD47: N/A | BE47: N/A | BF47: N/A | BG47: N/A | BH47: N/A | BI47: N/A | BJ47: E | BK47: 5 | BL47: SI | BM47: ABRIL | BN47: E | BO47: 5 | BP47: SI | BQ47: 46468 | BR47: E | BS47: 5 | BT47: SI | BU47: 46834
A48: 39 | B48: FRON | C48: CARLOS EDUARDO GOMEZ VEGA | D48: 1118570055 | E48: carlosgomez0105@gmail.com | F48: Asistente Company Man D1 | H48: 46465 | I48: Retirado | J48: E | K48: 4.5 | L48: SI | M48: MARZO | N48: E | O48: 5 | P48: SI | Q48: MARZO | R48: E | S48: 4 | T48: SI | U48: MARZO | V48: E | W48: 5 | X48: SI | Y48: MARZO | Z48: N/A | AA48: N/A | AB48: N/A | AC48: N/A | AD48: N/A | AE48: N/A | AF48: N/A | AG48: N/A | AH48: N/A | AI48: N/A | AJ48: N/A | AK48: N/A | AX48: N/A | AY48: N/A | AZ48: N/A | BA48: N/A | BB48: N/A | BC48: N/A | BD48: N/A | BE48: N/A | BF48: N/A | BG48: N/A | BH48: N/A | BI48: N/A | BJ48: E | BK48: 5 | BL48: SI | BM48: ABRIL | BN48: E | BO48: 5 | BP48: SI | BQ48: 46422 | BR48: E | BS48: 5 | BT48: SI | BU48: 46795
A49: 40 | B49: FRON | C49: JUAN SEBASTIAN GUERRERO RINCON | D49: 1075297595 | E49: sebastianguerrero9601@gmail.com | F49: Asistente D1 | H49: 46470 | I49: Retirado | J49: E | K49: 4.5 | L49: SI | M49: MARZO | N49: E | O49: 5 | P49: SI | Q49: MARZO | R49: E | S49: 4.5 | T49: SI | U49: MARZO | V49: E | W49: 5 | X49: SI | Y49: ABRIL | Z49: N/A | AA49: N/A | AB49: N/A | AC49: N/A | AD49: N/A | AE49: N/A | AF49: N/A | AG49: N/A | AH49: N/A | AI49: N/A | AJ49: N/A | AK49: N/A | AX49: N/A | AY49: N/A | AZ49: N/A | BA49: N/A | BB49: N/A | BC49: N/A | BD49: N/A | BE49: N/A | BF49: N/A | BG49: N/A | BH49: N/A | BI49: N/A | BJ49: E | BK49: 5 | BL49: SI | BM49: ABRIL | BN49: E | BO49: 4.5 | BP49: SI | BQ49: 46469 | BR49: E | BS49: 4.7 | BT49: SI | BU49: 46835
A50: 41 | B50: FRON | C50: CARLOS ALBERTO RUIZ VANEGAS | D50: 91283664 | E50: carruizvan@gmail.com | F50: Company Man B2 | H50: 46467 | I50: Activo | J50: E | K50: 5 | L50: SI | M50: JUNIO | N50: N/A | O50: N/A | P50: N/A | Q50: N/A | R50: E | S50: 5 | T50: SI | U50: JUNIO | V50: N/A | W50: N/A | X50: N/A | Y50: N/A | Z50: N/A | AA50: N/A | AB50: N/A | AC50: N/A | AD50: N/A | AE50: N/A | AF50: N/A | AG50: N/A | AH50: E | AI50: 4.5 | AJ50: SI | AK50: JULIO | AX50: N/A | AY50: N/A | AZ50: N/A | BA50: 46829 | BB50: N/A | BC50: N/A | BD50: N/A | BE50: 46608 | BF50: E | BG50: 5 | BH50: SI | BI50: 47989 | BJ50: N/A | BK50: N/A | BL50: N/A | BM50: N/A | BN50: E | BO50: 5 | BP50: SI | BQ50: 46466 | BR50: E | BS50: 5 | BT50: SI | BU50: 46466
A51: 42 | B51: FRON | C51: DIEGO GERMAN GONZALEZ VALENZUELA | D51: 1075243024 | E51: gonva11@hotmail.com | F51: Company Man B3 | H51: 46397 | I51: Activo | J51: E | K51: 5 | L51: SI | M51: ENERO | N51: N/A | O51: N/A | P51: N/A | Q51: N/A | R51: E | S51: 5 | T51: SI | U51: ENERO | V51: N/A | W51: N/A | X51: N/A | Y51: N/A | Z51: N/A | AA51: N/A | AB51: N/A | AC51: N/A | AD51: N/A | AE51: N/A | AF51: N/A | AG51: N/A | AH51: E | AI51: 4.5 | AJ51: SI | AK51: JUNIO | BA51: DICIEMBRE | BE51: DICIEMBRE | BF51: N/A | BG51: N/A | BH51: N/A | BI51: 46638 | BJ51: N/A | BK51: N/A | BL51: N/A | BM51: N/A | BN51: E | BO51: 4.5 | BP51: SI | BQ51: 46400 | BR51: E | BS51: 4.5 | BT51: SI | BU51: 46765
A52: 43 | B52: FRON | C52: JUAN FELIPE RIOS TORRES | D52: 1026302046 | E52: juanfeliperiost@gmail.com | F52: Asistente Company Man D2 | H52: 46499 | I52: Retirado | J52: E | K52: 5 | L52: SI | M52: ABRIL | N52: N/A | O52: N/A | P52: N/A | Q52: N/A | R52: E | S52: 5 | T52: SI | U52: ABRIL | V52: N/A | W52: N/A | X52: N/A | Y52: N/A | Z52: N/A | AA52: N/A | AB52: N/A | AC52: N/A | AD52: N/A | AE52: N/A | AF52: N/A | AG52: N/A | AH52: N/A | AI52: N/A | AJ52: N/A | AK52: N/A | AX52: N/A | AY52: N/A | AZ52: N/A | BA52: N/A | BB52: N/A | BC52: N/A | BD52: N/A | BE52: N/A | BF52: N/A | BG52: N/A | BH52: N/A | BI52: N/A | BJ52: N/A | BK52: N/A | BL52: N/A | BM52: N/A | BN52: E | BO52: 4.5 | BP52: SI | BQ52: 46498 | BR52: E | BS52: 4 | BT52: SI | BU52: 46133
A53: 44 | B53: FRON | C53: RICARDO ANDRES VARGAS CORREDOR | D53: 1015449004 | E53: ricardoanvaco@gmail.com | F53: Asistente Company Man D1 | H53: 46487 | I53: Activo | M53: SEPTIEMBRE | N53: E | O53: 5 | P53: SI | Q53: ABRIL | U53: SEPTIEMBRE | V53: N/A | W53: N/A | X53: N/A | Y53: N/A | Z53: N/A | AA53: N/A | AB53: N/A | AC53: N/A | AD53: N/A | AE53: N/A | AF53: N/A | AG53: N/A | AH53: E | AI53: 5 | AJ53: SI | AK53: JUNIO | AX53: N/A | AY53: N/A | AZ53: N/A | BA53: N/A | BB53: N/A | BC53: N/A | BD53: N/A | BE53: N/A | BF53: N/A | BG53: N/A | BH53: N/A | BI53: N/A | BJ53: N/A | BK53: N/A | BL53: N/A | BM53: N/A | BN53: E | BO53: 4.5 | BP53: SI | BQ53: 46561 | BR53: E | BS53: 5 | BT53: SI | BU53: 46927
A54: 45 | B54: FRON | C54: SANTIAGO ORDUZ RIOS | D54: 1098822990 | E54: santiagorduz@hotmail.com | F54: Asistente Company Man D2 | H54: 46495 | I54: Activo | J54: E | K54: 5 | L54: SI | M54: ABRIL | N54: E | O54: 5 | P54: SI | Q54: ABRIL | R54: E | S54: 5 | T54: SI | U54: ABRIL | V54: E | W54: 5 | X54: SI | Y54: ABRIL | Z54: N/A | AA54: N/A | AB54: N/A | AC54: N/A | AD54: N/A | AE54: N/A | AF54: N/A | AG54: N/A | AH54: E | AI54: 5 | AJ54: SI | AK54: JUNIO | AX54: N/A | AY54: N/A | AZ54: N/A | BA54: N/A | BB54: N/A | BC54: N/A | BD54: N/A | BE54: N/A | BF54: N/A | BG54: N/A | BH54: N/A | BI54: N/A | BJ54: E | BK54: 5 | BL54: SI | BM54: MAYO | BN54: E | BO54: 4.5 | BP54: SI | BQ54: 46499 | BR54: E | BS54: 5 | BT54: SI | BU54: 46865
A55: 46 | B55: FRON | C55: JESUS MARIA RIAÑO GAITAN | D55: 13348806 | E55: jriano52@gmail.com | F55: Company Man A2 | H55: 46499 | I55: Retirado | J55: E | K55: 4.5 | L55: SI | M55: ABRIL | N55: N/A | O55: N/A | P55: N/A | Q55: N/A | R55: E | S55: 5 | T55: SI | U55: ABRIL | V55: E | W55: 5 | X55: SI | Y55: ABRIL | Z55: N/A | AA55: N/A | AB55: N/A | AC55: N/A | AD55: N/A | AE55: N/A | AF55: N/A | AG55: N/A | AH55: N/A | AI55: N/A | AJ55: N/A | AK55: N/A | AX55: N/A | AY55: N/A | AZ55: N/A | BA55: N/A | BB55: N/A | BC55: N/A | BD55: N/A | BE55: N/A | BF55: N/A | BG55: N/A | BH55: N/A | BI55: N/A | BJ55: N/A | BK55: N/A | BL55: N/A | BM55: N/A | BN55: E | BO55: 4.5 | BP55: SI | BQ55: 46501 | BR55: N/A | BS55: N/A | BT55: N/A | BU55: N/A
A56: 47 | B56: FRON | C56: JUAN LEONARDO RODRÍGUEZ NIETO | D56: 74856617 | E56: juan.rodriguezuis@gmail.com | F56: Asistente Company Man D1 | H56: 46499 | I56: Activo | J56: E | K56: 5 | L56: SI | M56: ABRIL | N56: E | O56: 5 | P56: SI | Q56: ABRIL | R56: E | S56: 5 | T56: SI | U56: ABRIL | V56: E | W56: 5 | X56: SI | Y56: ABRIL | Z56: N/A | AA56: N/A | AB56: N/A | AC56: N/A | AD56: N/A | AE56: N/A | AF56: N/A | AG56: N/A | AH56: E | AI56: 5 | AJ56: SI | AK56: JUNIO | AX56: N/A | AY56: N/A | AZ56: N/A | BA56: N/A | BB56: N/A | BC56: N/A | BD56: N/A | BE56: N/A | BF56: N/A | BG56: N/A | BH56: N/A | BI56: N/A | BJ56: E | BK56: 5 | BL56: SI | BM56: MAYO | BN56: E | BO56: 4.5 | BP56: SI | BQ56: 46499 | BR56: E | BS56: 4.5 | BT56: SI | BU56: 46865
A57: 48 | B57: FRON | C57: HERNEY DELGADO MARTINEZ | D57: 13846103 | E57: herdelmar@hotmail.com | F57: Company Man B2 | H57: 46502 | I57: Retirado | J57: E | K57: 5 | L57: SI | M57: ABRIL | N57: N/A | O57: N/A | P57: N/A | Q57: N/A | R57: E | S57: 5 | T57: SI | U57: ABRIL | V57: E | W57: 5 | X57: SI | Y57: ABRIL | Z57: N/A | AA57: N/A | AB57: N/A | AC57: N/A | AD57: N/A | AE57: N/A | AF57: N/A | AG57: N/A | AH57: N/A | AI57: N/A | AJ57: N/A | AK57: N/A | AX57: E | AY57: 5 | AZ57: SI | BA57: 46867 | BB57: E | BC57: 5 | BD57: SI | BE57: 46904 | BF57: E | BG57: 5 | BH57: SI | BI57: 48004 | BJ57: E | BK57: 5 | BL57: SI | BM57: MAYO | BN57: E | BO57: 4.5 | BP57: SI | BQ57: 46511 | BR57: E | BS57: 4.5 | BT57: SI | BU57: 46877
A58: 49 | B58: FRON | C58: DAVID RICARDO PEREZ ABELLO | D58: 1013597652 | E58: davidzerep@gmail.com | F58: Company Man B2 | H58: 46499 | I58: Inactivo | J58: E | K58: 5 | L58: SI | M58: ABRIL | N58: N/A | O58: N/A | P58: N/A | Q58: N/A | R58: E | S58: 5 | T58: SI | U58: ABRIL | V58: E | W58: 5 | X58: SI | Y58: ABRIL | Z58: N/A | AA58: N/A | AB58: N/A | AC58: N/A | AD58: N/A | AE58: N/A | AF58: N/A | AG58: N/A | AH58: E | AI58: 5 | AJ58: SI | AK58: JUNIO | BA58: DICIEMBRE | BE58: AGOSTO | BF58: E | BG58: 5 | BH58: SI | BI58: MAYO | BJ58: E | BK58: 5 | BL58: SI | BM58: MAYO | BN58: E | BO58: 5 | BP58: SI | BQ58: 46499 | BR58: E | BS58: 5 | BT58: SI | BU58: 46865
A59: 50 | B59: FRON | C59: EDWIN ALBERTO SALAZAR ZULETA | D59: 1075262171 | E59: edwinsalazarz.17@hotmail.com | F59: Asistente Company Man D1 | H59: 46512 | I59: Activo | J59: E | K59: 5 | L59: SI | M59: MAYO | N59: E | O59: 5 | P59: SI | Q59: MAYO | R59: E | S59: 5 | T59: SI | U59: MAYO | V59: E | W59: 5 | X59: SI | Y59: MAYO | Z59: N/A | AA59: N/A | AB59: N/A | AC59: N/A | AD59: N/A | AE59: N/A | AF59: N/A | AG59: N/A | AH59: P | AK59: JULIO | AX59: N/A | AY59: N/A | AZ59: N/A | BA59: N/A | BB59: N/A | BC59: N/A | BD59: N/A | BE59: N/A | BF59: N/A | BG59: N/A | BH59: N/A | BI59: N/A | BJ59: E | BK59: 5 | BL59: SI | BM59: MAYO | BN59: E | BO59: 5 | BP59: SI | BQ59: 46511 | BR59: E | BS59: 4.5 | BT59: SI | BU59: 46877
A60: 51 | B60: FRON | C60: JEYSSON JAVIER PERDOMO ARIAS | D60: 1075231137 | E60: jeysson.perdomo@gmail.com | F60: Company Man B2 | H60: 46492 | I60: Activo | J60: E | K60: 5 | L60: SI | M60: MAYO | N60: N/A | O60: N/A | P60: N/A | Q60: N/A | R60: E | S60: 4 | T60: SI | U60: MAYO | V60: N/A | W60: N/A | X60: N/A | Y60: N/A | Z60: N/A | AA60: N/A | AB60: N/A | AC60: N/A | AD60: N/A | AE60: N/A | AF60: N/A | AG60: N/A | AH60: P | AK60: JULIO | AX60: N/A | AY60: N/A | AZ60: N/A | BA60: 46501 | BB60: N/A | BC60: N/A | BD60: N/A | BE60: 46461 | BF60: E | BG60: 5 | BH60: SI | BI60: MAYO | BJ60: N/A | BK60: N/A | BL60: N/A | BM60: N/A | BN60: E | BO60: 5 | BP60: SI | BQ60: 46521 | BR60: N/A | BS60: N/A | BT60: N/A | BU60: 46432
A61: 52 | B61: FRON | C61: HENRY RENE SABA | D61: 7171400 | E61: renesaba@gmail.com | F61: Company Man B2 | H61: 46518 | I61: Activo | J61: E | K61: 5 | L61: SI | M61: MAYO | N61: N/A | O61: N/A | P61: N/A | Q61: N/A | R61: E | S61: 5 | T61: SI | U61: MAYO | V61: N/A | W61: N/A | X61: N/A | Y61: N/A | Z61: N/A | AA61: N/A | AB61: N/A | AC61: N/A | AD61: N/A | AE61: N/A | AF61: N/A | AG61: N/A | AH61: P | AK61: JULIO | AX61: E | AY61: 5 | AZ61: SI | BA61: 46802 | BB61: P | BE61: AGOSTO | BF61: E | BG61: 5 | BH61: SI | BI61: MAYO | BJ61: N/A | BK61: N/A | BL61: N/A | BM61: N/A | BN61: E | BO61: 5 | BP61: SI | BQ61: 46528 | BR61: E | BS61: 4.5 | BT61: SI | BU61: 46894
A62: 53 | B62: FRON | C62: JORGE ALBEIRO PARRA ARIAS | D62: 1002729730 | E62: jorgeparraarias0000@gmail.com | F62: Asistente Company Man D3 | H62: 46486 | I62: Activo | J62: E | K62: 5 | L62: SI | M62: JULIO | N62: E | O62: 5 | P62: SI | Q62: ABRIL | R62: E | S62: 5 | T62: SI | U62: JULIO | V62: N/A | W62: N/A | X62: N/A | Y62: N/A | Z62: N/A | AA62: N/A | AB62: N/A | AC62: N/A | AD62: N/A | AE62: N/A | AF62: N/A | AG62: N/A | AH62: P | AK62: JULIO | AX62: N/A | AY62: N/A | AZ62: N/A | BA62: N/A | BB62: N/A | BC62: N/A | BD62: N/A | BE62: N/A | BF62: N/A | BG62: N/A | BH62: N/A | BI62: N/A | BJ62: E | BK62: 5 | BL62: SI | BM62: JUNIO | BN62: E | BO62: 5 | BP62: SI | BQ62: 46569 | BR62: N/A | BS62: N/A | BT62: N/A | BU62: 46489
A63: 54 | B63: FRON | C63: JUAN GUILLERMO CANO CHACUA | D63: 1020837503 | E63: jgcano1012@gmail.com | F63: Asistente Company Man D3 | H63: 46486 | I63: Activo | J63: E | K63: 5 | L63: SI | M63: ABRIL | N63: E | O63: 5 | P63: SI | Q63: ABRIL | R63: E | S63: 4.5 | T63: SI | U63: ABRIL | V63: N/A | W63: N/A | X63: N/A | Y63: N/A | Z63: N/A | AA63: N/A | AB63: N/A | AC63: N/A | AD63: N/A | AE63: N/A | AF63: N/A | AG63: N/A | AH63: P | AK63: JULIO | AX63: N/A | AY63: N/A | AZ63: N/A | BA63: N/A | BB63: N/A | BC63: N/A | BD63: N/A | BE63: N/A | BF63: N/A | BG63: N/A | BH63: N/A | BI63: N/A | BJ63: E | BK63: 5 | BL63: SI | BM63: JUNIO | BN63: E | BO63: 4.5 | BP63: SI | BQ63: 46503 | BR63: E | BS63: 4.5 | BT63: SI | BU63: 46869
A64: COBERTURA TEMA | J64: =IFERROR((COUNTIF(J10:J63,"E"))/(COUNTIF(J10:J63,"E")+COUNTIF(J10:J63,"P")),"Pendiente") -> 1 | N64: =IFERROR((COUNTIF(N10:N59,"E"))/(COUNTIF(N10:N59,"E")+COUNTIF(N10:N59,"P")),"Pendiente") -> 1 | R64: =IFERROR((COUNTIF(R10:R59,"E"))/(COUNTIF(R10:R59,"E")+COUNTIF(R10:R59,"P")),"Pendiente") -> 1 | V64: =IFERROR((COUNTIF(V10:V59,"E"))/(COUNTIF(V10:V59,"E")+COUNTIF(V10:V59,"P")),"Pendiente") -> 1 | Z64: =IFERROR((COUNTIF(Z10:Z59,"E"))/(COUNTIF(Z10:Z59,"E")+COUNTIF(Z10:Z59,"P")),"Pendiente") -> 1 | AD64: =IFERROR((COUNTIF(AD10:AD59,"E"))/(COUNTIF(AD10:AD59,"E")+COUNTIF(AD10:AD59,"P")),"Pendiente") -> 1 | AH64: =IFERROR((COUNTIF(AH10:AH59,"E"))/(COUNTIF(AH10:AH59,"E")+COUNTIF(AH10:AH59,"P")),"Pendiente") -> 0.83333333 | AL64: =IFERROR((COUNTIF(AL10:AL59,"E"))/(COUNTIF(AL10:AL59,"E")+COUNTIF(AL10:AL59,"P")),"Pendiente") -> Pendiente | AP64: =IFERROR((COUNTIF(AP10:AP59,"E"))/(COUNTIF(AP10:AP59,"E")+COUNTIF(AP10:AP59,"P")),"Pendiente") -> Pendiente | AT64: =IFERROR((COUNTIF(AT10:AT59,"E"))/(COUNTIF(AT10:AT59,"E")+COUNTIF(AT10:AT59,"P")),"Pendiente") -> Pendiente | AX64: =IFERROR((COUNTIF(AX10:AX59,"E"))/(COUNTIF(AX10:AX59,"E")+COUNTIF(AX10:AX59,"P")),"Pendiente") -> 1 | BB64: =IFERROR((COUNTIF(BB10:BB59,"E"))/(COUNTIF(BB10:BB59,"E")+COUNTIF(BB10:BB59,"P")),"Pendiente") -> 1 | BF64: =IFERROR((COUNTIF(BF10:BF59,"E"))/(COUNTIF(BF10:BF59,"E")+COUNTIF(BF10:BF59,"P")),"Pendiente") -> 1 | BJ64: =IFERROR((COUNTIF(BJ10:BJ63,"E"))/(COUNTIF(BJ10:BJ63,"E")+COUNTIF(BJ10:BJ63,"P")),"Pendiente") -> 1 | BN64: =IFERROR((COUNTIF(BN10:BN59,"E"))/(COUNTIF(BN10:BN59,"E")+COUNTIF(BN10:BN59,"P")),"Pendiente") -> 1 | BR64: =IFERROR((COUNTIF(BR10:BR59,"E"))/(COUNTIF(BR10:BR59,"E")+COUNTIF(BR10:BR59,"P")),"Pendiente") -> 1
A65: EFICACIA POR TEMA | J65: =IFERROR(IF(L8="SI",AVERAGE(K10:K59),"N.A.")/(5),"N/A") -> 0.99166667 | N65: =IFERROR(IF(P8="SI",AVERAGE(O10:O59),"N.A.")/(5),"N/A") -> 1 | R65: =IFERROR(IF(T8="SI",AVERAGE(S10:S59),"N.A.")/(5),"N/A") -> 0.95882353 | V65: =IFERROR(IF(X8="SI",AVERAGE(W10:W59),"N.A.")/(5),"N/A") -> N/A | Z65: =IFERROR(IF(AB8="SI",AVERAGE(AA10:AA59),"N.A.")/(5),"N/A") -> 1 | AD65: =IFERROR(IF(AF8="SI",AVERAGE(AE10:AE59),"N.A.")/(5),"N/A") -> 1 | AH65: =IFERROR(IF(AJ8="SI",AVERAGE(AI10:AI59),"N.A.")/(5),"N/A") -> 0.98 | AL65: =IFERROR(IF(AN8="SI",AVERAGE(AM10:AM59),"N.A.")/(5),"N/A") -> N/A | AP65: =IFERROR(IF(AR8="SI",AVERAGE(AQ10:AQ59),"N.A.")/(5),"N/A") -> N/A | AT65: =IFERROR(IF(AV8="SI",AVERAGE(AU10:AU59),"N.A.")/(5),"N/A") -> N/A | AX65: =IFERROR(IF(AZ8="SI",AVERAGE(AY10:AY59),"N.A.")/(5),"N/A") -> 1 | BB65: =IFERROR(IF(BD8="SI",AVERAGE(BC10:BC59),"N.A.")/(5),"N/A") -> 1 | BF65: =IFERROR(IF(BH8="SI",AVERAGE(BG10:BG59),"N.A.")/(5),"N/A") -> 1 | BJ65: =IFERROR(IF(BL8="SI",AVERAGE(BK10:BK63),"N.A.")/(5),"N/A") -> 1 | BN65: =IFERROR(IF(BP8="SI",AVERAGE(BO10:BO59),"N.A.")/(5),"N/A") -> 0.99310345 | BR65: =IFERROR(IF(BT8="SI",AVERAGE(BS10:BS59),"N.A.")/(5),"N/A") -> 0.97826087
A66: CERTIFICADOS DESCARGADOS | J66: =IFERROR(COUNTIF(L10:L59,"SI")/COUNTIF(J10:J59,"E"),"N/A") -> 1 | N66: =IFERROR(COUNTIF(P10:P59,"SI")/COUNTIF(N10:N59,"E"),"N/A") -> 1 | R66: =IFERROR(COUNTIF(T10:T59,"SI")/COUNTIF(R10:R59,"E"),"N/A") -> 1 | V66: =IFERROR(COUNTIF(X10:X59,"SI")/COUNTIF(V10:V59,"E"),"N/A") -> 1 | Z66: =IFERROR(COUNTIF(AB10:AB59,"SI")/COUNTIF(Z10:Z59,"E"),"N/A") -> 1 | AD66: =IFERROR(COUNTIF(AF10:AF59,"SI")/COUNTIF(AD10:AD59,"E"),"N/A") -> 1 | AH66: =IFERROR(COUNTIF(AJ10:AJ59,"SI")/COUNTIF(AH10:AH59,"E"),"N/A") -> 1 | AL66: =IFERROR(COUNTIF(AN10:AN59,"SI")/COUNTIF(AL10:AL59,"E"),"N/A") -> N/A | AP66: =IFERROR(COUNTIF(AR10:AR59,"SI")/COUNTIF(AP10:AP59,"E"),"N/A") -> N/A | AT66: =IFERROR(COUNTIF(AV10:AV59,"SI")/COUNTIF(AT10:AT59,"E"),"N/A") -> N/A | AX66: =IFERROR(COUNTIF(AZ10:AZ59,"SI")/COUNTIF(AX10:AX59,"E"),"N/A") -> 1 | BB66: =IFERROR(COUNTIF(BD10:BD59,"SI")/COUNTIF(BB10:BB59,"E"),"N/A") -> 0.875 | BF66: =IFERROR(COUNTIF(BH10:BH59,"SI")/COUNTIF(BF10:BF59,"E"),"N/A") -> 1.0833333 | BJ66: =IFERROR(COUNTIF(BL10:BL59,"SI")/COUNTIF(BJ10:BJ59,"E"),"N/A") -> 1 | BN66: =IFERROR(COUNTIF(BP10:BP59,"SI")/COUNTIF(BN10:BN59,"E"),"N/A") -> 1 | BR66: =IFERROR(COUNTIF(BT10:BT59,"SI")/COUNTIF(BR10:BR59,"E"),"N/A") -> 1
A67: TOTAL DE CERTIFICADOS | J67: =COUNTIF(L10:L63,"SI") -> 49 | N67: =COUNTIF(P10:P59,"SI") -> 18 | R67: =COUNTIF(T10:T59,"SI") -> 45 | V67: =COUNTIF(X10:X59,"SI") -> 21 | Z67: =COUNTIF(AB10:AB59,"SI") -> 36 | AD67: =COUNTIF(AF10:AF59,"SI") -> 37 | AH67: =COUNTIF(AJ10:AJ61,"SI") -> 20 | AL67: =COUNTIF(AN10:AN59,"SI") -> 0 | AP67: =COUNTIF(AR10:AR59,"SI") -> 0 | AT67: =COUNTIF(AV10:AV59,"SI") -> 0 | AX67: =COUNTIF(AZ10:AZ59,"SI") -> 9 | BB67: =COUNTIF(BD10:BD59,"SI") -> 7 | BF67: =COUNTIF(BH10:BH59,"SI") -> 13 | BJ67: =COUNTIF(BL10:BL63,"SI") -> 22 | BN67: =COUNTIF(BP10:BP59,"SI") -> 46 | BR67: =COUNTIF(BT10:BT59,"SI") -> 39

Sheet Hoja1
A1: MES
A2: ENERO
A3: FEBRERO
A4: MARZO
A5: ABRIL
A6: MAYO
A7: JUNIO
A8: JULIO
A9: AGOSTO
A10: SEPTIEMBRE
A11: OCTUBRE
A12: NOVIEMBRE
A13: DICIEMBRE

Sheet INDICADORES
D1: =SEGUIMIENTO_PERSONAL!D1 -> PROGRAMA DE CAPACITACIÓN Y ENTRENAMIENTO ANUAL
D2: =SEGUIMIENTO_PERSONAL!D3 -> Fecha: 24/05/2023 Versión: 14 HSEQ-PRG-10 | X2: Libro 7 de 7
B4: OBJETIVOS
B5: Brindar conocimientos mediante la formación y capacitación a los colaboradores de Meridian Consulting Ltda. para la prevención y control de los riesgos y oportunidades identificados en HSEQ
B6: INDICADOR | C6: META | D6: FORMULA | E6: UNIDAD | F6: RESULTADO | R6: TOTAL ANUAL | S6: EFICACIA DE CAPACITACIONES POR TEMA | T6: =AVERAGE(#REF!) -> #REF! | U6: =AVERAGE(#REF!) -> #REF! | V6: =AVERAGE(#REF!) -> #REF! | W6: =AVERAGE(SEGUIMIENTO_PERSONAL!J65:BU65) -> 0.99182121 | X6: GRÁFICO
F7: PRIMER TRIMESTRE | I7: SEGUNDO TRIMESTRE | L7: TERCER TRIMESTRE | O7: CUARTO TRIMESTRE | S7: DESCARGA DE CERTIFICADOS POR TEMA | T7: =AVERAGE(#REF!) -> #REF! | U7: =AVERAGE(#REF!) -> #REF! | V7: =AVERAGE(#REF!) -> #REF! | W7: =AVERAGE(SEGUIMIENTO_PERSONAL!#REF!) -> #REF!
B8: CUMPLIMIENTO INDUCCIÓN Y REINDUCCIÓN | C8: 1 | D8: # inducciones y reinducciones ejecutadas/# inducciones y reinducciones programadas | E8: % | F8: =+CRONOGRAMA!J38 -> 1 | I8: =CRONOGRAMA!P38 -> 1 | L8: =CRONOGRAMA!V38 -> N,A | O8: =CRONOGRAMA!AB38 -> N,A | R8: =#REF! -> #REF! | BA8: CUMPLIMIENTO INDUCCIÓN Y REINDUCCIÓN | BE8: CUMPLIMIENTO TAREAS CRITICAS | BI8: CUMPLIMIENTO CAPACITACIÓN Y ENTRENAMIENTO | BM8: COBERTURA INDUCCIÓN Y REINDUCCIÓN | BQ8: COBERTURA TAREAS CRITICAS | BU8: COBERTURA CAPACITACIÓN Y ENTRENAMIENTO
B10: CUMPLIMIENTO TAREAS CRITICAS | C10: 1 | D10: # capacitaciones obligatorias ejecutadas/# capacitaciones obligatorias programadas | E10: % | F10: =+CRONOGRAMA!J43 -> 1 | I10: =CRONOGRAMA!P43 -> 1 | L10: =CRONOGRAMA!V43 -> 1 | O10: =CRONOGRAMA!AB43 -> N,A | R10: =#REF! -> #REF! | BA10: TRIMESTRE | BB10: META | BC10: RESULTADO | BE10: TRIMESTRE | BF10: META | BG10: RESULTADO | BI10: TRIMESTRE | BJ10: META | BK10: RESULTADO | BM10: TRIMESTRE | BN10: META | BO10: RESULTADO | BQ10: TRIMESTRE | BR10: META | BS10: RESULTADO | BU10: TRIMESTRE | BV10: META | BW10: RESULTADO
BA11: 1 TRIM | BB11: 1 | BC11: =F8 -> 1 | BE11: 1 TRIM | BF11: 1 | BG11: =F10 -> 1 | BI11: 1 TRIM | BJ11: 0.8 | BK11: =INDICADORES!#REF! -> #REF! | BM11: 1 TRIM | BN11: 1 | BO11: =F15 -> 1 | BQ11: 1 TRIM | BR11: 1 | BS11: =F19 -> 1 | BU11: 1 TRIM | BV11: 1 | BW11: =F17 -> 1
BA12: 2 TRIM | BB12: 1 | BC12: =I8 -> 1 | BE12: 2 TRIM | BF12: 1 | BG12: =I10 -> 1 | BI12: 2 TRIM | BJ12: 0.8 | BK12: =#REF! -> #REF! | BM12: 2 TRIM | BN12: 1 | BO12: =INDICADORES!I15 -> 1 | BQ12: 2 TRIM | BR12: 1 | BS12: =I19 -> 1 | BU12: 2 TRIM | BV12: 1 | BW12: =I17 -> 1
B13: CUMPLIMIENTO CAPACITACIÓN Y ENTRENAMIENTO | C13: 0.8 | D13: # Capacitaciones y actividades ejecutadas / #capacitaciones y actividades programadas | E13: % | F13: =+CRONOGRAMA!J33 -> 1 | I13: =CRONOGRAMA!P33 -> 1 | L13: =CRONOGRAMA!V33 -> 0.083333333 | O13: =CRONOGRAMA!AB33 -> N,A | R13: =#REF! -> #REF! | BA13: 3 TRIM | BB13: 1 | BC13: =L8 -> N,A | BE13: 3 TRIM | BF13: 1 | BG13: =L10 -> 1 | BI13: 3 TRIM | BJ13: 0.8 | BK13: =#REF! -> #REF! | BM13: 3 TRIM | BN13: 1 | BO13: =L15 -> Sin Actividad programada | BQ13: 3 TRIM | BR13: 1 | BS13: =L19 -> 1 | BU13: 3 TRIM | BV13: 1 | BW13: =L17 -> 0.5
BA14: 4 TRIM | BB14: 1 | BC14: =O8 -> N,A | BE14: 4 TRIM | BF14: 1 | BG14: =O10 -> N,A | BI14: 4 TRIM | BJ14: 0.8 | BK14: =#REF! -> #REF! | BM14: 4 TRIM | BN14: 1 | BO14: =O15 -> Sin Actividad programada | BQ14: 4 TRIM | BR14: 1 | BS14: =O19 -> Sin Actividad programada | BU14: 4 TRIM | BV14: 1 | BW14: =O17 -> Sin Actividad programada
B15: COBERTURA INDUCCIÓN Y REINDUCCIÓN | C15: 1 | D15: Personas que asisten a capacitaciones / Personas que han sido citadas a capacitación | E15: % | F15: =IFERROR(AVERAGE(CRONOGRAMA!AH10,CRONOGRAMA!AH14),"Sin Actividad programada") -> 1 | I15: =IFERROR(AVERAGE(CRONOGRAMA!AI10,CRONOGRAMA!AI14),"Sin Actividad programada") -> 1 | L15: =IFERROR(AVERAGE(CRONOGRAMA!AJ10,CRONOGRAMA!AJ14),"Sin Actividad programada") -> Sin Actividad programada | O15: =IFERROR(AVERAGE(CRONOGRAMA!AK10,CRONOGRAMA!AK14),"Sin Actividad programada") -> Sin Actividad programada | R15: =IFERROR(AVERAGE(F15:Q16),"Sin actividad Programada") -> 1
B17: COBERTURA CAPACITACIÓN Y ENTRENAMIENTO | C17: 0.8 | D17: Personas que asisten a capacitaciones / Personas que han sido citadas a capacitación | E17: % | F17: =IFERROR(AVERAGE(CRONOGRAMA!AH10:AH25),"Sin Actividad programada") -> 1 | I17: =IFERROR(AVERAGE(CRONOGRAMA!AI10:AI25),"Sin Actividad programada") -> 1 | L17: =IFERROR(AVERAGE(CRONOGRAMA!AJ10:AJ25),"Sin Actividad programada") -> 0.5 | O17: =IFERROR(AVERAGE(CRONOGRAMA!AK10:AK25),"Sin Actividad programada") -> Sin Actividad programada | R17: =IFERROR(AVERAGE(F17:Q18),"Sin actividad Programada") -> 0.83333333
B19: COBERTURA TAREAS CRITICAS | C19: 1 | D19: Personas que asisten a capacitaciones / Personas que han sido citadas a capacitación | E19: % | F19: =IFERROR(AVERAGE(CRONOGRAMA!AH20:AH25),"Sin Actividad programada") -> 1 | I19: =IFERROR(AVERAGE(CRONOGRAMA!AI20:AI25),"Sin Actividad programada") -> 1 | L19: =IFERROR(AVERAGE(CRONOGRAMA!AJ20:AJ25),"Sin Actividad programada") -> 1 | O19: =IFERROR(AVERAGE(CRONOGRAMA!AK20:AK25),"Sin Actividad programada") -> Sin Actividad programada | R19: =AVERAGE(F19:Q20) -> 1
B21: EFICACIA DE CAPACITACIONES POR TEMA | C21: 0.8 | D21: Promedio de calificación (promedio a la fecha) | E21: % | F21: =AVERAGE(SEGUIMIENTO_PERSONAL!J65:BU65) -> 0.99182121
B22: DESCARGA DE CERTIFICADOS POR TEMA | C22: 0.8 | D22: Promedio de certificados descargados (promedio a la fecha) | E22: % | F22: =AVERAGE(SEGUIMIENTO_PERSONAL!J66:BU66) -> 0.99679487
B24: ANÁLISIS DE RESULTADOS | D24: PLAN DE ACCIÓN
D25: ACTIVIDAD | E25: RESPONSABLE | G25: PLAZO | J25: SEGUIMIENTO
B26: RESUMEN RESULTADOS PRIMER TRIMESTRE: CUMPLIMIENTO: Programa en general 100% Re-Inducciones 100% Tareas Criticas 100% COBERTURA: Programa en general 100% Re-inducciones 100% Tareas criticas 100% EFICACIA: Por capacitaciones por tema 100% Descarga de certificados 100% | D26: N/A | E26: N/A | G26: N/A | J26: N/A
B27: RESUMEN RESULTADOS SEGUNDO TRIMESTRE: CUMPLIMIENTO: Programa en general 100% Re-Inducciones 100% Tareas Criticas 100% COBERTURA: Programa en general 100% Re-inducciones 100% Tareas criticas 100% EFICACIA: Por capacitaciones por tema 100% Descarga de certificados 100% | D27: N/A | E27: N/A | G27: N/A | J27: N/A
B28: RESUMEN RESULTADOS TERCER TRIMESTRE: CUMPLIMIENTO: COBERTURA: EFICACIA:
B29: RESUMEN RESULTADOS CUARTO TRIMESTRE: CUMPLIMIENTO: COBERTURA: EFICACIA:

Sheet HC
B2: FRONTERA ENERGY | D2: Enero | H2: Febrero | L2: Marzo | P2: Abril | T2: Mayo | X2: Junio
B3: Tema | C3: Horas | D3: P | E3: E | F3: Total HP | G3: Total HE | H3: P | I3: E | J3: Total HP | K3: Total HE | L3: P | M3: E | N3: Total HP | O3: Total HE | P3: P | Q3: E | R3: Total HP | S3: Total HE | T3: P | U3: E | V3: Total HP | W3: Total HE | X3: P | Y3: E | Z3: Total HP | AA3: Total HE
B4: Inducción y/o Reinducción HSEQ | C4: 3 | D4: 11 | E4: 11 | F4: =C4*D4 -> 33 | G4: =C4*E4 -> 33 | H4: 17 | I4: 17 | J4: =C4*H4 -> 51 | K4: =C4*I4 -> 51 | L4: 5 | M4: 5 | N4: =C4*L4 -> 15 | O4: =C4*M4 -> 15 | P4: 6 | Q4: 6 | R4: =P4*C4 -> 18 | S4: =Q4*C4 -> 18 | T4: =+CRONOGRAMA!R10 -> 3 | U4: =+CRONOGRAMA!S10 -> 3 | V4: =T4*C4 -> 9 | W4: =U4*C4 -> 9 | X4: =+CRONOGRAMA!T10 -> 4 | Y4: =+CRONOGRAMA!U10 -> 4 | Z4: =+X4*C4 -> 12 | AA4: =+Y4*C4 -> 12
B5: Inducción de Gestión Humana | C5: 2 | D5: 11 | E5: 11 | F5: =C5*D5 -> 22 | G5: =C5*E5 -> 22 | H5: 17 | I5: 17 | J5: =C5*H5 -> 34 | K5: =C5*I5 -> 34 | L5: 5 | M5: 5 | N5: =C5*L5 -> 10 | O5: =C5*M5 -> 10 | P5: 6 | Q5: 6 | R5: =P5*C5 -> 12 | S5: =Q5*C5 -> 12 | T5: =+CRONOGRAMA!R12 -> 3 | U5: =+CRONOGRAMA!S12 -> 3 | V5: =T5*C5 -> 6 | W5: =U5*C5 -> 6 | X5: =+CRONOGRAMA!T12 -> 4 | Y5: =+CRONOGRAMA!U12 -> 4 | Z5: =+X5*C5 -> 8 | AA5: =+Y5*C5 -> 8
B6: Induccion en Seguridad Víal | C6: 2 | D6: - | E6: - | F6: - | G6: - | H6: 35 | I6: 35 | J6: =C6*H6 -> 70 | K6: =C6*I6 -> 70 | L6: - | M6: - | N6: - | O6: - | R6: =P6*C6 -> 0 | S6: =Q6*C6 -> 0 | T6: - | U6: - | V6: - | W6: - | X6: - | Y6: - | Z6: - | AA6: -
B7: Primer Respondiente "Gente que Ayuda". | C7: 2 | D7: - | E7: - | F7: - | G7: - | H7: 2 | I7: 2 | J7: =C7*H7 -> 4 | K7: =C7*I7 -> 4 | L7: 3 | M7: 3 | N7: =C7*L7 -> 6 | O7: =C7*M7 -> 6 | P7: 15 | Q7: 15 | R7: =P7*C7 -> 30 | S7: =Q7*C7 -> 30 | T7: =+CRONOGRAMA!R13 -> 1 | U7: =+CRONOGRAMA!S13 -> 1 | V7: =T7*C7 -> 2 | W7: =U7*C7 -> 2 | X7: - | Y7: - | Z7: - | AA7: -
B8: SAGRILAFT | C8: 2 | D8: - | E8: - | F8: - | G8: - | H8: - | I8: - | J8: - | K8: - | L8: - | N8: - | O8: - | P8: - | Q8: - | R8: - | S8: - | T8: - | U8: - | V8: - | W8: - | X8: =+CRONOGRAMA!T16 -> 21 | Y8: =+CRONOGRAMA!U16 -> 21 | Z8: =+X8*C8 -> 42 | AA8: =+Y8*C8 -> 42
B9: Riesgo Publico & Derechos Humanos | C9: 8 | D9: - | E9: - | F9: - | G9: - | H9: - | I9: - | J9: - | K9: - | L9: 40 | M9: 40 | N9: =C9*L9 -> 320 | O9: =C9*M9 -> 320 | P9: - | Q9: - | R9: - | S9: - | T9: - | U9: - | V9: - | W9: - | X9: - | Y9: - | Z9: - | AA9: -
B10: Excelencia_HSE | C10: 8 | D10: - | E10: - | F10: - | G10: - | H10: - | I10: - | J10: - | K10: - | L10: - | N10: - | O10: - | P10: - | Q10: - | R10: - | S10: - | T10: - | U10: - | V10: - | W10: - | X10: - | Y10: - | Z10: - | AA10: -
B11: Salud Publica | C11: 8 | D11: - | E11: - | F11: - | G11: - | H11: - | I11: - | J11: - | K11: - | L11: - | N11: - | O11: - | P11: - | Q11: - | R11: - | S11: - | T11: - | U11: - | V11: - | W11: - | X11: - | Y11: - | Z11: - | AA11: -
B12: Conservación y Cuidado del Medio Ambiente | C12: 8 | D12: - | E12: - | F12: - | G12: - | H12: - | I12: - | J12: - | K12: - | L12: - | N12: - | O12: - | P12: - | Q12: - | R12: - | S12: - | T12: - | U12: - | V12: - | W12: - | X12: - | Y12: - | Z12: - | AA12: -
B13: Well control | C13: 32 | D13: 1 | E13: 1 | F13: =C13*D13 -> 32 | G13: =C13*E13 -> 32 | H13: 4 | I13: 4 | J13: =C13*H13 -> 128 | K13: =C13*I13 -> 128 | N13: - | O13: - | P13: - | Q13: - | R13: - | S13: - | T13: =+CRONOGRAMA!R20 -> 1 | U13: =+CRONOGRAMA!S20 -> 1 | V13: =+T13*C13 -> 32 | W13: =+U13*C13 -> 32 | X13: =+CRONOGRAMA!T20 -> 0 | Y13: =+CRONOGRAMA!U20 -> 0 | Z13: - | AA13: -
B14: Stuck Pipe/ Pega de Tuberías | C14: 8 | D14: - | E14: - | F14: - | G14: - | H14: 4 | I14: 4 | J14: =C14*H14 -> 32 | K14: =C14*I14 -> 32 | L14: 1 | M14: 1 | N14: =C14*L14 -> 8 | O14: =C14*M14 -> 8 | P14: - | Q14: - | R14: - | S14: - | T14: =+CRONOGRAMA!R21 -> 1 | U14: =+CRONOGRAMA!S21 -> 1 | V14: =+T14*C14 -> 8 | W14: =+U14*C14 -> 8 | X14: =+CRONOGRAMA!T21 -> 0 | Y14: =+CRONOGRAMA!U21 -> 0 | Z14: - | AA14: -
B15: Rig Pass | C15: 8 | D15: 1 | E15: 1 | F15: =C15*D15 -> 8 | G15: =C15*E15 -> 8 | H15: 3 | I15: 3 | J15: =C15*H15 -> 24 | K15: =C15*I15 -> 24 | L15: 3 | M15: 3 | N15: =C15*L15 -> 24 | O15: =C15*M15 -> 24 | P15: - | Q15: - | R15: - | S15: - | T15: =+CRONOGRAMA!R22 -> 1 | U15: =+CRONOGRAMA!S22 -> 1 | V15: =T15*C15 -> 8 | W15: =+U15*C15 -> 8 | X15: =+CRONOGRAMA!T22 -> 1 | Y15: =+CRONOGRAMA!U22 -> 1 | Z15: =+X15*C15 -> 8 | AA15: =+Y15*C15 -> 8
B16: Trabajo seguro en alturas:Jefes de área | C16: 8 | D16: - | E16: - | F16: - | G16: - | H16: 9 | I16: 9 | J16: =C16*H16 -> 72 | K16: =C16*I16 -> 72 | L16: - | M16: - | N16: - | O16: - | P16: 6 | Q16: 6 | R16: =P16*C16 -> 48 | S16: =Q16*C16 -> 48 | T16: =+CRONOGRAMA!R23 -> 4 | U16: =+CRONOGRAMA!S23 -> 4 | V16: =T16*C16 -> 32 | W16: =U16*C16 -> 32 | X16: =+CRONOGRAMA!T23 -> 2 | Y16: =+CRONOGRAMA!U23 -> 2 | Z16: =X16*C16 -> 16 | AA16: =Y16*C16 -> 16
B17: HSEQ FRONTERA | C17: 4 | D17: 14 | E17: 14 | F17: =C17*D17 -> 56 | G17: =C17*E17 -> 56 | H17: 9 | I17: 9 | J17: =C17*H17 -> 36 | K17: =C17*I17 -> 36 | L17: 4 | M17: 4 | N17: =C17*L17 -> 16 | O17: =C17*M17 -> 16 | P17: 7 | Q17: 7 | R17: =P17*C17 -> 28 | S17: =Q17*C17 -> 28 | T17: =+CRONOGRAMA!R24 -> 1 | U17: =+CRONOGRAMA!S24 -> 1 | V17: =T17*C17 -> 4 | W17: =U17*C17 -> 4 | X17: =+CRONOGRAMA!T24 -> 1 | Y17: =+CRONOGRAMA!U24 -> 1 | Z17: =X17*C17 -> 4 | AA17: =Y17*C17 -> 4
B18: Control del Trabajo Frontera | C18: 32 | D18: 12 | E18: 12 | F18: =C18*D18 -> 384 | G18: =C18*E18 -> 384 | H18: 7 | I18: 7 | J18: =C18*H18 -> 224 | K18: =C18*I18 -> 224 | L18: 2 | M18: 2 | N18: =C18*L18 -> 64 | O18: =C18*M18 -> 64 | P18: 3 | Q18: 3 | R18: =P18*C18 -> 96 | S18: =Q18*C18 -> 96 | T18: =+CRONOGRAMA!R25 -> 2 | U18: =+CRONOGRAMA!S25 -> 2 | V18: =T18*C18 -> 64 | W18: =U18*C18 -> 64 | X18: =+CRONOGRAMA!T25 -> 1 | Y18: =+CRONOGRAMA!U25 -> 1 | Z18: =+X18*C18 -> 32 | AA18: =+Y18*C18 -> 32
B19: Total horas capacitación global | F19: =SUM(F4:F18) -> 535 | G19: =SUM(G4:G18) -> 535 | J19: =SUM(J4:J18) -> 675 | K19: =SUM(K4:K18) -> 675 | N19: =SUM(N4:N18) -> 463 | O19: =SUM(O4:O18) -> 463 | R19: =SUM(R4:R18) -> 232 | S19: =SUM(S4:S18) -> 232 | V19: =SUM(V4:V18) -> 165 | W19: =SUM(W4:W18) -> 165 | Z19: =SUM(Z4:Z18) -> 122 | AA19: =SUM(AA4:AA18) -> 122
B20: Total horas capacitación cursos específicos | F20: =SUM(F13:F18) -> 480 | G20: =SUM(G13:G18) -> 480 | J20: =SUM(J13:J18) -> 516 | K20: =SUM(K13:K18) -> 516 | N20: =SUM(N13:N18) -> 112 | O20: =SUM(O13:O18) -> 112 | R20: =SUM(R13:R18) -> 172 | S20: =SUM(S13:S18) -> 172 | V20: =SUM(V13:V18) -> 148 | W20: =SUM(W13:W18) -> 148 | Z20: =SUM(Z13:Z18) -> 60 | AA20: =SUM(AA13:AA18) -> 60
B24: Total horas capacitación global | D24: =SUM(G19+K19+O19+S19+W19+AA19) -> 2192
B25: Total horas capacitación cursos específicos | D25: =SUM(G20+K20+O20+S20+W20+AA20) -> 1488
